PRAGMA foreign_keys=OFF;
BEGIN TRANSACTION;
CREATE TABLE IF NOT EXISTS "django_migrations" ("id" integer NOT NULL PRIMARY KEY AUTOINCREMENT, "app" varchar(255) NOT NULL, "name" varchar(255) NOT NULL, "applied" datetime NOT NULL);
INSERT INTO django_migrations VALUES(1,'contenttypes','0001_initial','2023-11-22 16:41:52.238025');
INSERT INTO django_migrations VALUES(2,'auth','0001_initial','2023-11-22 16:41:52.243588');
INSERT INTO django_migrations VALUES(3,'admin','0001_initial','2023-11-22 16:41:52.249501');
INSERT INTO django_migrations VALUES(4,'admin','0002_logentry_remove_auto_add','2023-11-22 16:41:52.253907');
INSERT INTO django_migrations VALUES(5,'admin','0003_logentry_add_action_flag_choices','2023-11-22 16:41:52.256869');
INSERT INTO django_migrations VALUES(6,'contenttypes','0002_remove_content_type_name','2023-11-22 16:41:52.263586');
INSERT INTO django_migrations VALUES(7,'auth','0002_alter_permission_name_max_length','2023-11-22 16:41:52.269625');
INSERT INTO django_migrations VALUES(8,'auth','0003_alter_user_email_max_length','2023-11-22 16:41:52.273605');
INSERT INTO django_migrations VALUES(9,'auth','0004_alter_user_username_opts','2023-11-22 16:41:52.276851');
INSERT INTO django_migrations VALUES(10,'auth','0005_alter_user_last_login_null','2023-11-22 16:41:52.280851');
INSERT INTO django_migrations VALUES(11,'auth','0006_require_contenttypes_0002','2023-11-22 16:41:52.281611');
INSERT INTO django_migrations VALUES(12,'auth','0007_alter_validators_add_error_messages','2023-11-22 16:41:52.284922');
INSERT INTO django_migrations VALUES(13,'auth','0008_alter_user_username_max_length','2023-11-22 16:41:52.288996');
INSERT INTO django_migrations VALUES(14,'auth','0009_alter_user_last_name_max_length','2023-11-22 16:41:52.293132');
INSERT INTO django_migrations VALUES(15,'auth','0010_alter_group_name_max_length','2023-11-22 16:41:52.297133');
INSERT INTO django_migrations VALUES(16,'auth','0011_update_proxy_permissions','2023-11-22 16:41:52.299779');
INSERT INTO django_migrations VALUES(17,'auth','0012_alter_user_first_name_max_length','2023-11-22 16:41:52.303818');
INSERT INTO django_migrations VALUES(18,'wagtailcore','0001_initial','2023-11-22 16:41:52.342003');
INSERT INTO django_migrations VALUES(19,'wagtailcore','0002_initial_data','2023-11-22 16:41:52.342476');
INSERT INTO django_migrations VALUES(20,'wagtailcore','0003_add_uniqueness_constraint_on_group_page_permission','2023-11-22 16:41:52.342825');
INSERT INTO django_migrations VALUES(21,'wagtailcore','0004_page_locked','2023-11-22 16:41:52.343164');
INSERT INTO django_migrations VALUES(22,'wagtailcore','0005_add_page_lock_permission_to_moderators','2023-11-22 16:41:52.343488');
INSERT INTO django_migrations VALUES(23,'wagtailcore','0006_add_lock_page_permission','2023-11-22 16:41:52.343812');
INSERT INTO django_migrations VALUES(24,'wagtailcore','0007_page_latest_revision_created_at','2023-11-22 16:41:52.344133');
INSERT INTO django_migrations VALUES(25,'wagtailcore','0008_populate_latest_revision_created_at','2023-11-22 16:41:52.344459');
INSERT INTO django_migrations VALUES(26,'wagtailcore','0009_remove_auto_now_add_from_pagerevision_created_at','2023-11-22 16:41:52.344765');
INSERT INTO django_migrations VALUES(27,'wagtailcore','0010_change_page_owner_to_null_on_delete','2023-11-22 16:41:52.345154');
INSERT INTO django_migrations VALUES(28,'wagtailcore','0011_page_first_published_at','2023-11-22 16:41:52.345580');
INSERT INTO django_migrations VALUES(29,'wagtailcore','0012_extend_page_slug_field','2023-11-22 16:41:52.345987');
INSERT INTO django_migrations VALUES(30,'wagtailcore','0013_update_golive_expire_help_text','2023-11-22 16:41:52.346349');
INSERT INTO django_migrations VALUES(31,'wagtailcore','0014_add_verbose_name','2023-11-22 16:41:52.346687');
INSERT INTO django_migrations VALUES(32,'wagtailcore','0015_add_more_verbose_names','2023-11-22 16:41:52.347026');
INSERT INTO django_migrations VALUES(33,'wagtailcore','0016_change_page_url_path_to_text_field','2023-11-22 16:41:52.347347');
INSERT INTO django_migrations VALUES(34,'wagtailcore','0017_change_edit_page_permission_description','2023-11-22 16:41:52.350435');
INSERT INTO django_migrations VALUES(35,'wagtailcore','0018_pagerevision_submitted_for_moderation_index','2023-11-22 16:41:52.356026');
INSERT INTO django_migrations VALUES(36,'wagtailcore','0019_verbose_names_cleanup','2023-11-22 16:41:52.368270');
INSERT INTO django_migrations VALUES(37,'wagtailcore','0020_add_index_on_page_first_published_at','2023-11-22 16:41:52.375643');
INSERT INTO django_migrations VALUES(38,'wagtailcore','0021_capitalizeverbose','2023-11-22 16:41:52.478550');
INSERT INTO django_migrations VALUES(39,'wagtailcore','0022_add_site_name','2023-11-22 16:41:52.482268');
INSERT INTO django_migrations VALUES(40,'wagtailcore','0023_alter_page_revision_on_delete_behaviour','2023-11-22 16:41:52.485402');
INSERT INTO django_migrations VALUES(41,'wagtailcore','0024_collection','2023-11-22 16:41:52.486484');
INSERT INTO django_migrations VALUES(42,'wagtailcore','0025_collection_initial_data','2023-11-22 16:41:52.490745');
INSERT INTO django_migrations VALUES(43,'wagtailcore','0026_group_collection_permission','2023-11-22 16:41:52.497778');
INSERT INTO django_migrations VALUES(44,'taggit','0001_initial','2023-11-22 16:41:52.504527');
INSERT INTO django_migrations VALUES(45,'wagtailimages','0001_initial','2023-11-22 16:41:52.531390');
INSERT INTO django_migrations VALUES(46,'wagtailimages','0002_initial_data','2023-11-22 16:41:52.531951');
INSERT INTO django_migrations VALUES(47,'wagtailimages','0003_fix_focal_point_fields','2023-11-22 16:41:52.532354');
INSERT INTO django_migrations VALUES(48,'wagtailimages','0004_make_focal_point_key_not_nullable','2023-11-22 16:41:52.532756');
INSERT INTO django_migrations VALUES(49,'wagtailimages','0005_make_filter_spec_unique','2023-11-22 16:41:52.533158');
INSERT INTO django_migrations VALUES(50,'wagtailimages','0006_add_verbose_names','2023-11-22 16:41:52.533572');
INSERT INTO django_migrations VALUES(51,'wagtailimages','0007_image_file_size','2023-11-22 16:41:52.533981');
INSERT INTO django_migrations VALUES(52,'wagtailimages','0008_image_created_at_index','2023-11-22 16:41:52.534351');
INSERT INTO django_migrations VALUES(53,'wagtailimages','0009_capitalizeverbose','2023-11-22 16:41:52.534726');
INSERT INTO django_migrations VALUES(54,'wagtailimages','0010_change_on_delete_behaviour','2023-11-22 16:41:52.535073');
INSERT INTO django_migrations VALUES(55,'wagtailimages','0011_image_collection','2023-11-22 16:41:52.535548');
INSERT INTO django_migrations VALUES(56,'wagtailimages','0012_copy_image_permissions_to_collections','2023-11-22 16:41:52.535964');
INSERT INTO django_migrations VALUES(57,'wagtailimages','0013_make_rendition_upload_callable','2023-11-22 16:41:52.536431');
INSERT INTO django_migrations VALUES(58,'wagtailimages','0014_add_filter_spec_field','2023-11-22 16:41:52.536832');
INSERT INTO django_migrations VALUES(59,'wagtailimages','0015_fill_filter_spec_field','2023-11-22 16:41:52.537333');
INSERT INTO django_migrations VALUES(60,'wagtailimages','0016_deprecate_rendition_filter_relation','2023-11-22 16:41:52.537765');
INSERT INTO django_migrations VALUES(61,'wagtailimages','0017_reduce_focal_point_key_max_length','2023-11-22 16:41:52.538170');
INSERT INTO django_migrations VALUES(62,'wagtailimages','0018_remove_rendition_filter','2023-11-22 16:41:52.538565');
INSERT INTO django_migrations VALUES(63,'wagtailimages','0019_delete_filter','2023-11-22 16:41:52.538922');
INSERT INTO django_migrations VALUES(64,'wagtailimages','0020_add-verbose-name','2023-11-22 16:41:52.539389');
INSERT INTO django_migrations VALUES(65,'wagtailimages','0021_image_file_hash','2023-11-22 16:41:52.539722');
INSERT INTO django_migrations VALUES(66,'wagtailimages','0022_uploadedimage','2023-11-22 16:41:52.545543');
INSERT INTO django_migrations VALUES(67,'wagtailimages','0023_add_choose_permissions','2023-11-22 16:41:52.562499');
INSERT INTO django_migrations VALUES(68,'wagtailimages','0024_index_image_file_hash','2023-11-22 16:41:52.569837');
INSERT INTO django_migrations VALUES(69,'wagtailimages','0025_alter_image_file_alter_rendition_file','2023-11-22 16:41:52.581877');
INSERT INTO django_migrations VALUES(70,'wagtailcore','0027_fix_collection_path_collation','2023-11-22 16:41:52.587329');
INSERT INTO django_migrations VALUES(71,'wagtailcore','0024_alter_page_content_type_on_delete_behaviour','2023-11-22 16:41:52.592870');
INSERT INTO django_migrations VALUES(72,'wagtailcore','0028_merge','2023-11-22 16:41:52.593761');
INSERT INTO django_migrations VALUES(73,'wagtailcore','0029_unicode_slugfield_dj19','2023-11-22 16:41:52.600984');
INSERT INTO django_migrations VALUES(74,'wagtailcore','0030_index_on_pagerevision_created_at','2023-11-22 16:41:52.608422');
INSERT INTO django_migrations VALUES(75,'wagtailcore','0031_add_page_view_restriction_types','2023-11-22 16:41:52.623009');
INSERT INTO django_migrations VALUES(76,'wagtailcore','0032_add_bulk_delete_page_permission','2023-11-22 16:41:52.627993');
INSERT INTO django_migrations VALUES(77,'wagtailcore','0033_remove_golive_expiry_help_text','2023-11-22 16:41:52.636802');
INSERT INTO django_migrations VALUES(78,'wagtailcore','0034_page_live_revision','2023-11-22 16:41:52.643865');
INSERT INTO django_migrations VALUES(79,'wagtailcore','0035_page_last_published_at','2023-11-22 16:41:52.682383');
INSERT INTO django_migrations VALUES(80,'wagtailcore','0036_populate_page_last_published_at','2023-11-22 16:41:52.687660');
INSERT INTO django_migrations VALUES(81,'wagtailcore','0037_set_page_owner_editable','2023-11-22 16:41:52.692888');
INSERT INTO django_migrations VALUES(82,'wagtailcore','0038_make_first_published_at_editable','2023-11-22 16:41:52.697515');
INSERT INTO django_migrations VALUES(83,'wagtailcore','0039_collectionviewrestriction','2023-11-22 16:41:52.710346');
INSERT INTO django_migrations VALUES(84,'wagtailcore','0040_page_draft_title','2023-11-22 16:41:52.723056');
INSERT INTO django_migrations VALUES(85,'wagtailcore','0041_group_collection_permissions_verbose_name_plural','2023-11-22 16:41:52.727535');
INSERT INTO django_migrations VALUES(86,'wagtailcore','0042_index_on_pagerevision_approved_go_live_at','2023-11-22 16:41:52.734469');
INSERT INTO django_migrations VALUES(87,'wagtailcore','0043_lock_fields','2023-11-22 16:41:52.746886');
INSERT INTO django_migrations VALUES(88,'wagtailcore','0044_add_unlock_grouppagepermission','2023-11-22 16:41:52.751214');
INSERT INTO django_migrations VALUES(89,'wagtailcore','0045_assign_unlock_grouppagepermission','2023-11-22 16:41:52.758155');
INSERT INTO django_migrations VALUES(90,'wagtailcore','0046_site_name_remove_null','2023-11-22 16:41:52.764618');
INSERT INTO django_migrations VALUES(91,'wagtailcore','0047_add_workflow_models','2023-11-22 16:41:52.824434');
INSERT INTO django_migrations VALUES(92,'wagtailcore','0048_add_default_workflows','2023-11-22 16:41:52.837378');
INSERT INTO django_migrations VALUES(93,'wagtailcore','0049_taskstate_finished_by','2023-11-22 16:41:52.845998');
INSERT INTO django_migrations VALUES(94,'wagtailcore','0050_workflow_rejected_to_needs_changes','2023-11-22 16:41:52.863147');
INSERT INTO django_migrations VALUES(95,'wagtailcore','0051_taskstate_comment','2023-11-22 16:41:52.871381');
INSERT INTO django_migrations VALUES(96,'wagtailcore','0052_pagelogentry','2023-11-22 16:41:52.881463');
INSERT INTO django_migrations VALUES(97,'home','0001_initial','2023-11-22 16:41:52.889749');
INSERT INTO django_migrations VALUES(98,'home','0002_create_homepage','2023-11-22 16:41:52.937151');
INSERT INTO django_migrations VALUES(99,'wagtailcore','0053_locale_model','2023-11-22 16:41:52.938582');
INSERT INTO django_migrations VALUES(100,'wagtailcore','0054_initial_locale','2023-11-22 16:41:52.945906');
INSERT INTO django_migrations VALUES(101,'wagtailcore','0055_page_locale_fields','2023-11-22 16:41:52.967688');
INSERT INTO django_migrations VALUES(102,'wagtailcore','0056_page_locale_fields_populate','2023-11-22 16:41:52.977405');
INSERT INTO django_migrations VALUES(103,'wagtailcore','0057_page_locale_fields_notnull','2023-11-22 16:41:53.003005');
INSERT INTO django_migrations VALUES(104,'wagtailcore','0058_page_alias_of','2023-11-22 16:41:53.018503');
INSERT INTO django_migrations VALUES(105,'wagtailcore','0059_apply_collection_ordering','2023-11-22 16:41:53.029166');
INSERT INTO django_migrations VALUES(106,'wagtailcore','0060_fix_workflow_unique_constraint','2023-11-22 16:41:53.043171');
INSERT INTO django_migrations VALUES(107,'wagtailcore','0061_change_promote_tab_helpt_text_and_verbose_names','2023-11-22 16:41:53.055529');
INSERT INTO django_migrations VALUES(108,'wagtailcore','0062_comment_models_and_pagesubscription','2023-11-22 16:41:53.085023');
INSERT INTO django_migrations VALUES(109,'wagtailcore','0063_modellogentry','2023-11-22 16:41:53.096383');
INSERT INTO django_migrations VALUES(110,'wagtailcore','0064_log_timestamp_indexes','2023-11-22 16:41:53.115266');
INSERT INTO django_migrations VALUES(111,'wagtailcore','0065_log_entry_uuid','2023-11-22 16:41:53.130319');
INSERT INTO django_migrations VALUES(112,'wagtailcore','0066_collection_management_permissions','2023-11-22 16:41:53.141494');
INSERT INTO django_migrations VALUES(113,'wagtailcore','0067_alter_pagerevision_content_json','2023-11-22 16:41:53.160864');
INSERT INTO django_migrations VALUES(114,'wagtailcore','0068_log_entry_empty_object','2023-11-22 16:41:53.207483');
INSERT INTO django_migrations VALUES(115,'wagtailcore','0069_log_entry_jsonfield','2023-11-22 16:41:53.242840');
INSERT INTO django_migrations VALUES(116,'wagtailcore','0070_rename_pagerevision_revision','2023-11-22 16:41:53.340344');
INSERT INTO django_migrations VALUES(117,'wagtailcore','0071_populate_revision_content_type','2023-11-22 16:41:53.351916');
INSERT INTO django_migrations VALUES(118,'wagtailcore','0072_alter_revision_content_type_notnull','2023-11-22 16:41:53.378723');
INSERT INTO django_migrations VALUES(119,'wagtailcore','0073_page_latest_revision','2023-11-22 16:41:53.390901');
INSERT INTO django_migrations VALUES(120,'wagtailcore','0074_revision_object_str','2023-11-22 16:41:53.401072');
INSERT INTO django_migrations VALUES(121,'wagtailcore','0075_populate_latest_revision_and_revision_object_str','2023-11-22 16:41:53.420571');
INSERT INTO django_migrations VALUES(122,'wagtailcore','0076_modellogentry_revision','2023-11-22 16:41:53.470547');
INSERT INTO django_migrations VALUES(123,'wagtailcore','0077_alter_revision_user','2023-11-22 16:41:53.479967');
INSERT INTO django_migrations VALUES(124,'wagtailcore','0078_referenceindex','2023-11-22 16:41:53.492471');
INSERT INTO django_migrations VALUES(125,'wagtailcore','0079_rename_taskstate_page_revision','2023-11-22 16:41:53.502764');
INSERT INTO django_migrations VALUES(126,'wagtailcore','0080_generic_workflowstate','2023-11-22 16:41:53.566852');
INSERT INTO django_migrations VALUES(127,'wagtailcore','0081_populate_workflowstate_content_type','2023-11-22 16:41:53.576993');
INSERT INTO django_migrations VALUES(128,'wagtailcore','0082_alter_workflowstate_content_type_notnull','2023-11-22 16:41:53.602189');
INSERT INTO django_migrations VALUES(129,'wagtailcore','0083_workflowcontenttype','2023-11-22 16:41:53.614285');
INSERT INTO django_migrations VALUES(130,'wagtailcore','0084_add_default_page_permissions','2023-11-22 16:41:53.622400');
INSERT INTO django_migrations VALUES(131,'wagtailcore','0085_add_grouppagepermission_permission','2023-11-22 16:41:53.644033');
INSERT INTO django_migrations VALUES(132,'wagtailcore','0086_populate_grouppagepermission_permission','2023-11-22 16:41:53.673758');
INSERT INTO django_migrations VALUES(133,'wagtailcore','0087_alter_grouppagepermission_unique_together_and_more','2023-11-22 16:41:53.749407');
INSERT INTO django_migrations VALUES(134,'wagtailcore','0088_fix_log_entry_json_timestamps','2023-11-22 16:41:53.781123');
INSERT INTO django_migrations VALUES(135,'wagtailcore','0089_log_entry_data_json_null_to_object','2023-11-22 16:41:53.792898');
INSERT INTO django_migrations VALUES(136,'awards','0001_initial','2023-11-22 16:41:53.828908');
INSERT INTO django_migrations VALUES(137,'blog','0001_initial','2023-11-22 16:41:53.851531');
INSERT INTO django_migrations VALUES(138,'clothes','0001_initial','2023-11-22 16:41:53.886909');
INSERT INTO django_migrations VALUES(139,'harvesting','0001_initial','2023-11-22 16:41:53.912201');
INSERT INTO django_migrations VALUES(140,'home','0003_homepage_body_homepage_intro','2023-11-22 16:41:53.930903');
INSERT INTO django_migrations VALUES(141,'sessions','0001_initial','2023-11-22 16:41:53.933168');
INSERT INTO django_migrations VALUES(142,'taggit','0002_auto_20150616_2121','2023-11-22 16:41:53.977492');
INSERT INTO django_migrations VALUES(143,'taggit','0003_taggeditem_add_unique_index','2023-11-22 16:41:53.982918');
INSERT INTO django_migrations VALUES(144,'taggit','0004_alter_taggeditem_content_type_alter_taggeditem_tag','2023-11-22 16:41:54.008344');
INSERT INTO django_migrations VALUES(145,'taggit','0005_auto_20220424_2025','2023-11-22 16:41:54.022962');
INSERT INTO django_migrations VALUES(146,'wagtailadmin','0001_create_admin_access_permissions','2023-11-22 16:41:54.037595');
INSERT INTO django_migrations VALUES(147,'wagtailadmin','0002_admin','2023-11-22 16:41:54.039217');
INSERT INTO django_migrations VALUES(148,'wagtailadmin','0003_admin_managed','2023-11-22 16:41:54.041341');
INSERT INTO django_migrations VALUES(149,'wagtaildocs','0001_initial','2023-11-22 16:41:54.056650');
INSERT INTO django_migrations VALUES(150,'wagtaildocs','0002_initial_data','2023-11-22 16:41:54.072227');
INSERT INTO django_migrations VALUES(151,'wagtaildocs','0003_add_verbose_names','2023-11-22 16:41:54.097935');
INSERT INTO django_migrations VALUES(152,'wagtaildocs','0004_capitalizeverbose','2023-11-22 16:41:54.145483');
INSERT INTO django_migrations VALUES(153,'wagtaildocs','0005_document_collection','2023-11-22 16:41:54.161801');
INSERT INTO django_migrations VALUES(154,'wagtaildocs','0006_copy_document_permissions_to_collections','2023-11-22 16:41:54.176340');
INSERT INTO django_migrations VALUES(155,'wagtaildocs','0005_alter_uploaded_by_user_on_delete_action','2023-11-22 16:41:54.232678');
INSERT INTO django_migrations VALUES(156,'wagtaildocs','0007_merge','2023-11-22 16:41:54.233745');
INSERT INTO django_migrations VALUES(157,'wagtaildocs','0008_document_file_size','2023-11-22 16:41:54.242788');
INSERT INTO django_migrations VALUES(158,'wagtaildocs','0009_document_verbose_name_plural','2023-11-22 16:41:54.250795');
INSERT INTO django_migrations VALUES(159,'wagtaildocs','0010_document_file_hash','2023-11-22 16:41:54.261882');
INSERT INTO django_migrations VALUES(160,'wagtaildocs','0011_add_choose_permissions','2023-11-22 16:41:54.298290');
INSERT INTO django_migrations VALUES(161,'wagtaildocs','0012_uploadeddocument','2023-11-22 16:41:54.313076');
INSERT INTO django_migrations VALUES(162,'wagtailembeds','0001_initial','2023-11-22 16:41:54.315600');
INSERT INTO django_migrations VALUES(163,'wagtailembeds','0002_add_verbose_names','2023-11-22 16:41:54.317442');
INSERT INTO django_migrations VALUES(164,'wagtailembeds','0003_capitalizeverbose','2023-11-22 16:41:54.318944');
INSERT INTO django_migrations VALUES(165,'wagtailembeds','0004_embed_verbose_name_plural','2023-11-22 16:41:54.320351');
INSERT INTO django_migrations VALUES(166,'wagtailembeds','0005_specify_thumbnail_url_max_length','2023-11-22 16:41:54.324921');
INSERT INTO django_migrations VALUES(167,'wagtailembeds','0006_add_embed_hash','2023-11-22 16:41:54.329662');
INSERT INTO django_migrations VALUES(168,'wagtailembeds','0007_populate_hash','2023-11-22 16:41:54.348346');
INSERT INTO django_migrations VALUES(169,'wagtailembeds','0008_allow_long_urls','2023-11-22 16:41:54.384548');
INSERT INTO django_migrations VALUES(170,'wagtailembeds','0009_embed_cache_until','2023-11-22 16:41:54.388410');
INSERT INTO django_migrations VALUES(171,'wagtailforms','0001_initial','2023-11-22 16:41:54.406014');
INSERT INTO django_migrations VALUES(172,'wagtailforms','0002_add_verbose_names','2023-11-22 16:41:54.419456');
INSERT INTO django_migrations VALUES(173,'wagtailforms','0003_capitalizeverbose','2023-11-22 16:41:54.433574');
INSERT INTO django_migrations VALUES(174,'wagtailforms','0004_add_verbose_name_plural','2023-11-22 16:41:54.440967');
INSERT INTO django_migrations VALUES(175,'wagtailforms','0005_alter_formsubmission_form_data','2023-11-22 16:41:54.450769');
INSERT INTO django_migrations VALUES(176,'wagtailredirects','0001_initial','2023-11-22 16:41:54.466613');
INSERT INTO django_migrations VALUES(177,'wagtailredirects','0002_add_verbose_names','2023-11-22 16:41:54.490390');
INSERT INTO django_migrations VALUES(178,'wagtailredirects','0003_make_site_field_editable','2023-11-22 16:41:54.542152');
INSERT INTO django_migrations VALUES(179,'wagtailredirects','0004_set_unique_on_path_and_site','2023-11-22 16:41:54.559589');
INSERT INTO django_migrations VALUES(180,'wagtailredirects','0005_capitalizeverbose','2023-11-22 16:41:54.611663');
INSERT INTO django_migrations VALUES(181,'wagtailredirects','0006_redirect_increase_max_length','2023-11-22 16:41:54.621934');
INSERT INTO django_migrations VALUES(182,'wagtailredirects','0007_add_autocreate_fields','2023-11-22 16:41:54.651784');
INSERT INTO django_migrations VALUES(183,'wagtailredirects','0008_add_verbose_name_plural','2023-11-22 16:41:54.660252');
INSERT INTO django_migrations VALUES(184,'wagtailsearch','0001_initial','2023-11-22 16:41:54.693226');
INSERT INTO django_migrations VALUES(185,'wagtailsearch','0002_add_verbose_names','2023-11-22 16:41:54.722915');
INSERT INTO django_migrations VALUES(186,'wagtailsearch','0003_remove_editors_pick','2023-11-22 16:41:54.723917');
INSERT INTO django_migrations VALUES(187,'wagtailsearch','0004_querydailyhits_verbose_name_plural','2023-11-22 16:41:54.725737');
INSERT INTO django_migrations VALUES(188,'wagtailsearch','0005_create_indexentry','2023-11-22 16:41:54.745211');
INSERT INTO django_migrations VALUES(189,'wagtailsearch','0006_customise_indexentry','2023-11-22 16:41:54.817801');
INSERT INTO django_migrations VALUES(190,'wagtailsearch','0007_delete_editorspick','2023-11-22 16:41:54.819832');
INSERT INTO django_migrations VALUES(191,'wagtailusers','0001_initial','2023-11-22 16:41:54.835410');
INSERT INTO django_migrations VALUES(192,'wagtailusers','0002_add_verbose_name_on_userprofile','2023-11-22 16:41:54.855378');
INSERT INTO django_migrations VALUES(193,'wagtailusers','0003_add_verbose_names','2023-11-22 16:41:54.862711');
INSERT INTO django_migrations VALUES(194,'wagtailusers','0004_capitalizeverbose','2023-11-22 16:41:54.889154');
INSERT INTO django_migrations VALUES(195,'wagtailusers','0005_make_related_name_wagtail_specific','2023-11-22 16:41:54.903560');
INSERT INTO django_migrations VALUES(196,'wagtailusers','0006_userprofile_prefered_language','2023-11-22 16:41:54.914093');
INSERT INTO django_migrations VALUES(197,'wagtailusers','0007_userprofile_current_time_zone','2023-11-22 16:41:54.924027');
INSERT INTO django_migrations VALUES(198,'wagtailusers','0008_userprofile_avatar','2023-11-22 16:41:54.935543');
INSERT INTO django_migrations VALUES(199,'wagtailusers','0009_userprofile_verbose_name_plural','2023-11-22 16:41:54.943159');
INSERT INTO django_migrations VALUES(200,'wagtailusers','0010_userprofile_updated_comments_notifications','2023-11-22 16:41:54.953589');
INSERT INTO django_migrations VALUES(201,'wagtailusers','0011_userprofile_dismissibles','2023-11-22 16:41:54.965126');
INSERT INTO django_migrations VALUES(202,'wagtailusers','0012_userprofile_theme','2023-11-22 16:41:54.975527');
INSERT INTO django_migrations VALUES(203,'wagtailimages','0001_squashed_0021','2023-11-22 16:41:54.977327');
INSERT INTO django_migrations VALUES(204,'wagtailcore','0001_squashed_0016_change_page_url_path_to_text_field','2023-11-22 16:41:54.977816');
INSERT INTO django_migrations VALUES(205,'blog','0002_alter_blogpage_body_content','2023-11-22 17:15:03.220073');
INSERT INTO django_migrations VALUES(206,'blog','0003_alter_blogpage_body_content','2023-11-22 17:28:02.634395');
INSERT INTO django_migrations VALUES(207,'blog','0004_alter_blogpage_body_content','2023-11-22 17:30:00.011519');
INSERT INTO django_migrations VALUES(208,'blog','0005_alter_blogpage_body_content','2023-11-22 19:47:37.026395');
INSERT INTO django_migrations VALUES(209,'blog','0006_alter_blogpage_body_content','2023-11-23 10:07:32.682409');
INSERT INTO django_migrations VALUES(210,'karamoja','0001_initial','2023-11-23 16:22:19.863397');
INSERT INTO django_migrations VALUES(211,'blog','0007_alter_blogpage_body_content','2023-11-23 16:22:54.781091');
INSERT INTO django_migrations VALUES(212,'karamoja','0002_karamojapage_carousel','2023-11-23 16:36:03.880534');
INSERT INTO django_migrations VALUES(213,'blog','0008_alter_blogpage_body_content','2023-11-23 17:55:22.460484');
INSERT INTO django_migrations VALUES(214,'blog','0009_alter_blogpage_body_content','2023-11-23 18:08:30.184765');
INSERT INTO django_migrations VALUES(215,'karamoja','0003_alter_karamojapage_body_content','2023-11-23 18:08:30.201347');
INSERT INTO django_migrations VALUES(216,'blog','0010_alter_blogpage_body_content','2023-11-24 04:46:32.982873');
INSERT INTO django_migrations VALUES(217,'karamoja_response','0001_initial','2023-11-24 14:58:50.535482');
CREATE TABLE IF NOT EXISTS "auth_group_permissions" ("id" integer NOT NULL PRIMARY KEY AUTOINCREMENT, "group_id" integer NOT NULL REFERENCES "auth_group" ("id") DEFERRABLE INITIALLY DEFERRED, "permission_id" integer NOT NULL REFERENCES "auth_permission" ("id") DEFERRABLE INITIALLY DEFERRED);
INSERT INTO auth_group_permissions VALUES(1,2,1);
INSERT INTO auth_group_permissions VALUES(2,2,2);
INSERT INTO auth_group_permissions VALUES(3,2,3);
INSERT INTO auth_group_permissions VALUES(4,1,1);
INSERT INTO auth_group_permissions VALUES(5,1,2);
INSERT INTO auth_group_permissions VALUES(6,1,3);
INSERT INTO auth_group_permissions VALUES(7,2,101);
INSERT INTO auth_group_permissions VALUES(8,1,101);
INSERT INTO auth_group_permissions VALUES(9,2,104);
INSERT INTO auth_group_permissions VALUES(10,2,102);
INSERT INTO auth_group_permissions VALUES(11,2,103);
INSERT INTO auth_group_permissions VALUES(12,1,104);
INSERT INTO auth_group_permissions VALUES(13,1,102);
INSERT INTO auth_group_permissions VALUES(14,1,103);
INSERT INTO auth_group_permissions VALUES(15,2,105);
INSERT INTO auth_group_permissions VALUES(16,1,105);
CREATE TABLE IF NOT EXISTS "auth_user_groups" ("id" integer NOT NULL PRIMARY KEY AUTOINCREMENT, "user_id" integer NOT NULL REFERENCES "auth_user" ("id") DEFERRABLE INITIALLY DEFERRED, "group_id" integer NOT NULL REFERENCES "auth_group" ("id") DEFERRABLE INITIALLY DEFERRED);
CREATE TABLE IF NOT EXISTS "auth_user_user_permissions" ("id" integer NOT NULL PRIMARY KEY AUTOINCREMENT, "user_id" integer NOT NULL REFERENCES "auth_user" ("id") DEFERRABLE INITIALLY DEFERRED, "permission_id" integer NOT NULL REFERENCES "auth_permission" ("id") DEFERRABLE INITIALLY DEFERRED);
CREATE TABLE IF NOT EXISTS "django_admin_log" ("id" integer NOT NULL PRIMARY KEY AUTOINCREMENT, "object_id" text NULL, "object_repr" varchar(200) NOT NULL, "action_flag" smallint unsigned NOT NULL CHECK ("action_flag" >= 0), "change_message" text NOT NULL, "content_type_id" integer NULL REFERENCES "django_content_type" ("id") DEFERRABLE INITIALLY DEFERRED, "user_id" integer NOT NULL REFERENCES "auth_user" ("id") DEFERRABLE INITIALLY DEFERRED, "action_time" datetime NOT NULL);
CREATE TABLE IF NOT EXISTS "django_content_type" ("id" integer NOT NULL PRIMARY KEY AUTOINCREMENT, "app_label" varchar(100) NOT NULL, "model" varchar(100) NOT NULL);
INSERT INTO django_content_type VALUES(1,'wagtailcore','page');
INSERT INTO django_content_type VALUES(2,'wagtailimages','image');
INSERT INTO django_content_type VALUES(3,'wagtailcore','groupapprovaltask');
INSERT INTO django_content_type VALUES(4,'home','homepage');
INSERT INTO django_content_type VALUES(5,'wagtailcore','locale');
INSERT INTO django_content_type VALUES(6,'wagtailcore','site');
INSERT INTO django_content_type VALUES(7,'wagtailcore','modellogentry');
INSERT INTO django_content_type VALUES(8,'wagtailcore','collectionviewrestriction');
INSERT INTO django_content_type VALUES(9,'wagtailcore','collection');
INSERT INTO django_content_type VALUES(10,'wagtailcore','groupcollectionpermission');
INSERT INTO django_content_type VALUES(11,'wagtailcore','referenceindex');
INSERT INTO django_content_type VALUES(12,'wagtailcore','revision');
INSERT INTO django_content_type VALUES(13,'wagtailcore','grouppagepermission');
INSERT INTO django_content_type VALUES(14,'wagtailcore','pageviewrestriction');
INSERT INTO django_content_type VALUES(15,'wagtailcore','workflowpage');
INSERT INTO django_content_type VALUES(16,'wagtailcore','workflowcontenttype');
INSERT INTO django_content_type VALUES(17,'wagtailcore','workflowtask');
INSERT INTO django_content_type VALUES(18,'wagtailcore','task');
INSERT INTO django_content_type VALUES(19,'wagtailcore','workflow');
INSERT INTO django_content_type VALUES(20,'wagtailcore','workflowstate');
INSERT INTO django_content_type VALUES(21,'wagtailcore','taskstate');
INSERT INTO django_content_type VALUES(22,'wagtailcore','pagelogentry');
INSERT INTO django_content_type VALUES(23,'wagtailcore','comment');
INSERT INTO django_content_type VALUES(24,'wagtailcore','commentreply');
INSERT INTO django_content_type VALUES(25,'wagtailcore','pagesubscription');
INSERT INTO django_content_type VALUES(26,'wagtailadmin','admin');
INSERT INTO django_content_type VALUES(27,'wagtaildocs','document');
INSERT INTO django_content_type VALUES(28,'awards','awardsindexpage');
INSERT INTO django_content_type VALUES(29,'awards','awardspage');
INSERT INTO django_content_type VALUES(30,'awards','awardspagegalleryimage');
INSERT INTO django_content_type VALUES(31,'harvesting','harvestingindexpage');
INSERT INTO django_content_type VALUES(32,'harvesting','harvestingpage');
INSERT INTO django_content_type VALUES(33,'clothes','clothesindexpage');
INSERT INTO django_content_type VALUES(34,'clothes','clothespage');
INSERT INTO django_content_type VALUES(35,'clothes','clothespagegalleryimage');
INSERT INTO django_content_type VALUES(36,'blog','blogindexpage');
INSERT INTO django_content_type VALUES(37,'blog','blogpage');
INSERT INTO django_content_type VALUES(38,'wagtailforms','formsubmission');
INSERT INTO django_content_type VALUES(39,'wagtailredirects','redirect');
INSERT INTO django_content_type VALUES(40,'wagtailembeds','embed');
INSERT INTO django_content_type VALUES(41,'wagtailusers','userprofile');
INSERT INTO django_content_type VALUES(42,'wagtaildocs','uploadeddocument');
INSERT INTO django_content_type VALUES(43,'wagtailimages','rendition');
INSERT INTO django_content_type VALUES(44,'wagtailimages','uploadedimage');
INSERT INTO django_content_type VALUES(45,'wagtailsearch','query');
INSERT INTO django_content_type VALUES(46,'wagtailsearch','querydailyhits');
INSERT INTO django_content_type VALUES(47,'wagtailsearch','indexentry');
INSERT INTO django_content_type VALUES(48,'wagtailsearch','sqliteftsindexentry');
INSERT INTO django_content_type VALUES(49,'taggit','tag');
INSERT INTO django_content_type VALUES(50,'taggit','taggeditem');
INSERT INTO django_content_type VALUES(51,'admin','logentry');
INSERT INTO django_content_type VALUES(52,'auth','permission');
INSERT INTO django_content_type VALUES(53,'auth','group');
INSERT INTO django_content_type VALUES(54,'auth','user');
INSERT INTO django_content_type VALUES(55,'contenttypes','contenttype');
INSERT INTO django_content_type VALUES(56,'sessions','session');
INSERT INTO django_content_type VALUES(57,'karamoja','karamojaindexpage');
INSERT INTO django_content_type VALUES(58,'karamoja','karamojapage');
INSERT INTO django_content_type VALUES(59,'karamoja_response','karamojaresponseindexpage');
INSERT INTO django_content_type VALUES(60,'karamoja_response','karamojaresponsepage');
CREATE TABLE IF NOT EXISTS "auth_permission" ("id" integer NOT NULL PRIMARY KEY AUTOINCREMENT, "content_type_id" integer NOT NULL REFERENCES "django_content_type" ("id") DEFERRABLE INITIALLY DEFERRED, "codename" varchar(100) NOT NULL, "name" varchar(255) NOT NULL);
INSERT INTO auth_permission VALUES(1,2,'add_image','Can add image');
INSERT INTO auth_permission VALUES(2,2,'change_image','Can change image');
INSERT INTO auth_permission VALUES(3,2,'delete_image','Can delete image');
INSERT INTO auth_permission VALUES(4,2,'choose_image','Can choose image');
INSERT INTO auth_permission VALUES(5,5,'add_locale','Can add locale');
INSERT INTO auth_permission VALUES(6,5,'change_locale','Can change locale');
INSERT INTO auth_permission VALUES(7,5,'delete_locale','Can delete locale');
INSERT INTO auth_permission VALUES(8,5,'view_locale','Can view locale');
INSERT INTO auth_permission VALUES(9,6,'add_site','Can add site');
INSERT INTO auth_permission VALUES(10,6,'change_site','Can change site');
INSERT INTO auth_permission VALUES(11,6,'delete_site','Can delete site');
INSERT INTO auth_permission VALUES(12,6,'view_site','Can view site');
INSERT INTO auth_permission VALUES(13,7,'add_modellogentry','Can add model log entry');
INSERT INTO auth_permission VALUES(14,7,'change_modellogentry','Can change model log entry');
INSERT INTO auth_permission VALUES(15,7,'delete_modellogentry','Can delete model log entry');
INSERT INTO auth_permission VALUES(16,7,'view_modellogentry','Can view model log entry');
INSERT INTO auth_permission VALUES(17,8,'add_collectionviewrestriction','Can add collection view restriction');
INSERT INTO auth_permission VALUES(18,8,'change_collectionviewrestriction','Can change collection view restriction');
INSERT INTO auth_permission VALUES(19,8,'delete_collectionviewrestriction','Can delete collection view restriction');
INSERT INTO auth_permission VALUES(20,8,'view_collectionviewrestriction','Can view collection view restriction');
INSERT INTO auth_permission VALUES(21,9,'add_collection','Can add collection');
INSERT INTO auth_permission VALUES(22,9,'change_collection','Can change collection');
INSERT INTO auth_permission VALUES(23,9,'delete_collection','Can delete collection');
INSERT INTO auth_permission VALUES(24,9,'view_collection','Can view collection');
INSERT INTO auth_permission VALUES(25,10,'add_groupcollectionpermission','Can add group collection permission');
INSERT INTO auth_permission VALUES(26,10,'change_groupcollectionpermission','Can change group collection permission');
INSERT INTO auth_permission VALUES(27,10,'delete_groupcollectionpermission','Can delete group collection permission');
INSERT INTO auth_permission VALUES(28,10,'view_groupcollectionpermission','Can view group collection permission');
INSERT INTO auth_permission VALUES(29,11,'add_referenceindex','Can add reference index');
INSERT INTO auth_permission VALUES(30,11,'change_referenceindex','Can change reference index');
INSERT INTO auth_permission VALUES(31,11,'delete_referenceindex','Can delete reference index');
INSERT INTO auth_permission VALUES(32,11,'view_referenceindex','Can view reference index');
INSERT INTO auth_permission VALUES(33,1,'add_page','Can add page');
INSERT INTO auth_permission VALUES(34,1,'change_page','Can change page');
INSERT INTO auth_permission VALUES(35,1,'delete_page','Can delete page');
INSERT INTO auth_permission VALUES(36,1,'view_page','Can view page');
INSERT INTO auth_permission VALUES(37,1,'bulk_delete_page','Delete pages with children');
INSERT INTO auth_permission VALUES(38,1,'lock_page','Lock/unlock pages you''ve locked');
INSERT INTO auth_permission VALUES(39,1,'publish_page','Publish any page');
INSERT INTO auth_permission VALUES(40,1,'unlock_page','Unlock any page');
INSERT INTO auth_permission VALUES(41,12,'add_revision','Can add revision');
INSERT INTO auth_permission VALUES(42,12,'change_revision','Can change revision');
INSERT INTO auth_permission VALUES(43,12,'delete_revision','Can delete revision');
INSERT INTO auth_permission VALUES(44,12,'view_revision','Can view revision');
INSERT INTO auth_permission VALUES(45,13,'add_grouppagepermission','Can add group page permission');
INSERT INTO auth_permission VALUES(46,13,'change_grouppagepermission','Can change group page permission');
INSERT INTO auth_permission VALUES(47,13,'delete_grouppagepermission','Can delete group page permission');
INSERT INTO auth_permission VALUES(48,13,'view_grouppagepermission','Can view group page permission');
INSERT INTO auth_permission VALUES(49,14,'add_pageviewrestriction','Can add page view restriction');
INSERT INTO auth_permission VALUES(50,14,'change_pageviewrestriction','Can change page view restriction');
INSERT INTO auth_permission VALUES(51,14,'delete_pageviewrestriction','Can delete page view restriction');
INSERT INTO auth_permission VALUES(52,14,'view_pageviewrestriction','Can view page view restriction');
INSERT INTO auth_permission VALUES(53,15,'add_workflowpage','Can add workflow page');
INSERT INTO auth_permission VALUES(54,15,'change_workflowpage','Can change workflow page');
INSERT INTO auth_permission VALUES(55,15,'delete_workflowpage','Can delete workflow page');
INSERT INTO auth_permission VALUES(56,15,'view_workflowpage','Can view workflow page');
INSERT INTO auth_permission VALUES(57,16,'add_workflowcontenttype','Can add workflow content type');
INSERT INTO auth_permission VALUES(58,16,'change_workflowcontenttype','Can change workflow content type');
INSERT INTO auth_permission VALUES(59,16,'delete_workflowcontenttype','Can delete workflow content type');
INSERT INTO auth_permission VALUES(60,16,'view_workflowcontenttype','Can view workflow content type');
INSERT INTO auth_permission VALUES(61,17,'add_workflowtask','Can add workflow task order');
INSERT INTO auth_permission VALUES(62,17,'change_workflowtask','Can change workflow task order');
INSERT INTO auth_permission VALUES(63,17,'delete_workflowtask','Can delete workflow task order');
INSERT INTO auth_permission VALUES(64,17,'view_workflowtask','Can view workflow task order');
INSERT INTO auth_permission VALUES(65,18,'add_task','Can add task');
INSERT INTO auth_permission VALUES(66,18,'change_task','Can change task');
INSERT INTO auth_permission VALUES(67,18,'delete_task','Can delete task');
INSERT INTO auth_permission VALUES(68,18,'view_task','Can view task');
INSERT INTO auth_permission VALUES(69,19,'add_workflow','Can add workflow');
INSERT INTO auth_permission VALUES(70,19,'change_workflow','Can change workflow');
INSERT INTO auth_permission VALUES(71,19,'delete_workflow','Can delete workflow');
INSERT INTO auth_permission VALUES(72,19,'view_workflow','Can view workflow');
INSERT INTO auth_permission VALUES(73,3,'add_groupapprovaltask','Can add Group approval task');
INSERT INTO auth_permission VALUES(74,3,'change_groupapprovaltask','Can change Group approval task');
INSERT INTO auth_permission VALUES(75,3,'delete_groupapprovaltask','Can delete Group approval task');
INSERT INTO auth_permission VALUES(76,3,'view_groupapprovaltask','Can view Group approval task');
INSERT INTO auth_permission VALUES(77,20,'add_workflowstate','Can add Workflow state');
INSERT INTO auth_permission VALUES(78,20,'change_workflowstate','Can change Workflow state');
INSERT INTO auth_permission VALUES(79,20,'delete_workflowstate','Can delete Workflow state');
INSERT INTO auth_permission VALUES(80,20,'view_workflowstate','Can view Workflow state');
INSERT INTO auth_permission VALUES(81,21,'add_taskstate','Can add Task state');
INSERT INTO auth_permission VALUES(82,21,'change_taskstate','Can change Task state');
INSERT INTO auth_permission VALUES(83,21,'delete_taskstate','Can delete Task state');
INSERT INTO auth_permission VALUES(84,21,'view_taskstate','Can view Task state');
INSERT INTO auth_permission VALUES(85,22,'add_pagelogentry','Can add page log entry');
INSERT INTO auth_permission VALUES(86,22,'change_pagelogentry','Can change page log entry');
INSERT INTO auth_permission VALUES(87,22,'delete_pagelogentry','Can delete page log entry');
INSERT INTO auth_permission VALUES(88,22,'view_pagelogentry','Can view page log entry');
INSERT INTO auth_permission VALUES(89,23,'add_comment','Can add comment');
INSERT INTO auth_permission VALUES(90,23,'change_comment','Can change comment');
INSERT INTO auth_permission VALUES(91,23,'delete_comment','Can delete comment');
INSERT INTO auth_permission VALUES(92,23,'view_comment','Can view comment');
INSERT INTO auth_permission VALUES(93,24,'add_commentreply','Can add comment reply');
INSERT INTO auth_permission VALUES(94,24,'change_commentreply','Can change comment reply');
INSERT INTO auth_permission VALUES(95,24,'delete_commentreply','Can delete comment reply');
INSERT INTO auth_permission VALUES(96,24,'view_commentreply','Can view comment reply');
INSERT INTO auth_permission VALUES(97,25,'add_pagesubscription','Can add page subscription');
INSERT INTO auth_permission VALUES(98,25,'change_pagesubscription','Can change page subscription');
INSERT INTO auth_permission VALUES(99,25,'delete_pagesubscription','Can delete page subscription');
INSERT INTO auth_permission VALUES(100,25,'view_pagesubscription','Can view page subscription');
INSERT INTO auth_permission VALUES(101,26,'access_admin','Can access Wagtail admin');
INSERT INTO auth_permission VALUES(102,27,'add_document','Can add document');
INSERT INTO auth_permission VALUES(103,27,'change_document','Can change document');
INSERT INTO auth_permission VALUES(104,27,'delete_document','Can delete document');
INSERT INTO auth_permission VALUES(105,27,'choose_document','Can choose document');
INSERT INTO auth_permission VALUES(106,28,'add_awardsindexpage','Can add awards index page');
INSERT INTO auth_permission VALUES(107,28,'change_awardsindexpage','Can change awards index page');
INSERT INTO auth_permission VALUES(108,28,'delete_awardsindexpage','Can delete awards index page');
INSERT INTO auth_permission VALUES(109,28,'view_awardsindexpage','Can view awards index page');
INSERT INTO auth_permission VALUES(110,29,'add_awardspage','Can add awards page');
INSERT INTO auth_permission VALUES(111,29,'change_awardspage','Can change awards page');
INSERT INTO auth_permission VALUES(112,29,'delete_awardspage','Can delete awards page');
INSERT INTO auth_permission VALUES(113,29,'view_awardspage','Can view awards page');
INSERT INTO auth_permission VALUES(114,30,'add_awardspagegalleryimage','Can add awards page gallery image');
INSERT INTO auth_permission VALUES(115,30,'change_awardspagegalleryimage','Can change awards page gallery image');
INSERT INTO auth_permission VALUES(116,30,'delete_awardspagegalleryimage','Can delete awards page gallery image');
INSERT INTO auth_permission VALUES(117,30,'view_awardspagegalleryimage','Can view awards page gallery image');
INSERT INTO auth_permission VALUES(118,31,'add_harvestingindexpage','Can add harvesting index page');
INSERT INTO auth_permission VALUES(119,31,'change_harvestingindexpage','Can change harvesting index page');
INSERT INTO auth_permission VALUES(120,31,'delete_harvestingindexpage','Can delete harvesting index page');
INSERT INTO auth_permission VALUES(121,31,'view_harvestingindexpage','Can view harvesting index page');
INSERT INTO auth_permission VALUES(122,32,'add_harvestingpage','Can add harvesting page');
INSERT INTO auth_permission VALUES(123,32,'change_harvestingpage','Can change harvesting page');
INSERT INTO auth_permission VALUES(124,32,'delete_harvestingpage','Can delete harvesting page');
INSERT INTO auth_permission VALUES(125,32,'view_harvestingpage','Can view harvesting page');
INSERT INTO auth_permission VALUES(126,33,'add_clothesindexpage','Can add clothes index page');
INSERT INTO auth_permission VALUES(127,33,'change_clothesindexpage','Can change clothes index page');
INSERT INTO auth_permission VALUES(128,33,'delete_clothesindexpage','Can delete clothes index page');
INSERT INTO auth_permission VALUES(129,33,'view_clothesindexpage','Can view clothes index page');
INSERT INTO auth_permission VALUES(130,34,'add_clothespage','Can add clothes page');
INSERT INTO auth_permission VALUES(131,34,'change_clothespage','Can change clothes page');
INSERT INTO auth_permission VALUES(132,34,'delete_clothespage','Can delete clothes page');
INSERT INTO auth_permission VALUES(133,34,'view_clothespage','Can view clothes page');
INSERT INTO auth_permission VALUES(134,35,'add_clothespagegalleryimage','Can add clothes page gallery image');
INSERT INTO auth_permission VALUES(135,35,'change_clothespagegalleryimage','Can change clothes page gallery image');
INSERT INTO auth_permission VALUES(136,35,'delete_clothespagegalleryimage','Can delete clothes page gallery image');
INSERT INTO auth_permission VALUES(137,35,'view_clothespagegalleryimage','Can view clothes page gallery image');
INSERT INTO auth_permission VALUES(138,36,'add_blogindexpage','Can add blog index page');
INSERT INTO auth_permission VALUES(139,36,'change_blogindexpage','Can change blog index page');
INSERT INTO auth_permission VALUES(140,36,'delete_blogindexpage','Can delete blog index page');
INSERT INTO auth_permission VALUES(141,36,'view_blogindexpage','Can view blog index page');
INSERT INTO auth_permission VALUES(142,37,'add_blogpage','Can add blog page');
INSERT INTO auth_permission VALUES(143,37,'change_blogpage','Can change blog page');
INSERT INTO auth_permission VALUES(144,37,'delete_blogpage','Can delete blog page');
INSERT INTO auth_permission VALUES(145,37,'view_blogpage','Can view blog page');
INSERT INTO auth_permission VALUES(146,4,'add_homepage','Can add home page');
INSERT INTO auth_permission VALUES(147,4,'change_homepage','Can change home page');
INSERT INTO auth_permission VALUES(148,4,'delete_homepage','Can delete home page');
INSERT INTO auth_permission VALUES(149,4,'view_homepage','Can view home page');
INSERT INTO auth_permission VALUES(150,38,'add_formsubmission','Can add form submission');
INSERT INTO auth_permission VALUES(151,38,'change_formsubmission','Can change form submission');
INSERT INTO auth_permission VALUES(152,38,'delete_formsubmission','Can delete form submission');
INSERT INTO auth_permission VALUES(153,38,'view_formsubmission','Can view form submission');
INSERT INTO auth_permission VALUES(154,39,'add_redirect','Can add redirect');
INSERT INTO auth_permission VALUES(155,39,'change_redirect','Can change redirect');
INSERT INTO auth_permission VALUES(156,39,'delete_redirect','Can delete redirect');
INSERT INTO auth_permission VALUES(157,39,'view_redirect','Can view redirect');
INSERT INTO auth_permission VALUES(158,40,'add_embed','Can add embed');
INSERT INTO auth_permission VALUES(159,40,'change_embed','Can change embed');
INSERT INTO auth_permission VALUES(160,40,'delete_embed','Can delete embed');
INSERT INTO auth_permission VALUES(161,40,'view_embed','Can view embed');
INSERT INTO auth_permission VALUES(162,41,'add_userprofile','Can add user profile');
INSERT INTO auth_permission VALUES(163,41,'change_userprofile','Can change user profile');
INSERT INTO auth_permission VALUES(164,41,'delete_userprofile','Can delete user profile');
INSERT INTO auth_permission VALUES(165,41,'view_userprofile','Can view user profile');
INSERT INTO auth_permission VALUES(166,27,'view_document','Can view document');
INSERT INTO auth_permission VALUES(167,42,'add_uploadeddocument','Can add uploaded document');
INSERT INTO auth_permission VALUES(168,42,'change_uploadeddocument','Can change uploaded document');
INSERT INTO auth_permission VALUES(169,42,'delete_uploadeddocument','Can delete uploaded document');
INSERT INTO auth_permission VALUES(170,42,'view_uploadeddocument','Can view uploaded document');
INSERT INTO auth_permission VALUES(171,2,'view_image','Can view image');
INSERT INTO auth_permission VALUES(172,43,'add_rendition','Can add rendition');
INSERT INTO auth_permission VALUES(173,43,'change_rendition','Can change rendition');
INSERT INTO auth_permission VALUES(174,43,'delete_rendition','Can delete rendition');
INSERT INTO auth_permission VALUES(175,43,'view_rendition','Can view rendition');
INSERT INTO auth_permission VALUES(176,44,'add_uploadedimage','Can add uploaded image');
INSERT INTO auth_permission VALUES(177,44,'change_uploadedimage','Can change uploaded image');
INSERT INTO auth_permission VALUES(178,44,'delete_uploadedimage','Can delete uploaded image');
INSERT INTO auth_permission VALUES(179,44,'view_uploadedimage','Can view uploaded image');
INSERT INTO auth_permission VALUES(180,45,'add_query','Can add query');
INSERT INTO auth_permission VALUES(181,45,'change_query','Can change query');
INSERT INTO auth_permission VALUES(182,45,'delete_query','Can delete query');
INSERT INTO auth_permission VALUES(183,45,'view_query','Can view query');
INSERT INTO auth_permission VALUES(184,46,'add_querydailyhits','Can add Query Daily Hits');
INSERT INTO auth_permission VALUES(185,46,'change_querydailyhits','Can change Query Daily Hits');
INSERT INTO auth_permission VALUES(186,46,'delete_querydailyhits','Can delete Query Daily Hits');
INSERT INTO auth_permission VALUES(187,46,'view_querydailyhits','Can view Query Daily Hits');
INSERT INTO auth_permission VALUES(188,47,'add_indexentry','Can add index entry');
INSERT INTO auth_permission VALUES(189,47,'change_indexentry','Can change index entry');
INSERT INTO auth_permission VALUES(190,47,'delete_indexentry','Can delete index entry');
INSERT INTO auth_permission VALUES(191,47,'view_indexentry','Can view index entry');
INSERT INTO auth_permission VALUES(192,48,'add_sqliteftsindexentry','Can add sqliteftsindexentry');
INSERT INTO auth_permission VALUES(193,48,'change_sqliteftsindexentry','Can change sqliteftsindexentry');
INSERT INTO auth_permission VALUES(194,48,'delete_sqliteftsindexentry','Can delete sqliteftsindexentry');
INSERT INTO auth_permission VALUES(195,48,'view_sqliteftsindexentry','Can view sqliteftsindexentry');
INSERT INTO auth_permission VALUES(196,49,'add_tag','Can add tag');
INSERT INTO auth_permission VALUES(197,49,'change_tag','Can change tag');
INSERT INTO auth_permission VALUES(198,49,'delete_tag','Can delete tag');
INSERT INTO auth_permission VALUES(199,49,'view_tag','Can view tag');
INSERT INTO auth_permission VALUES(200,50,'add_taggeditem','Can add tagged item');
INSERT INTO auth_permission VALUES(201,50,'change_taggeditem','Can change tagged item');
INSERT INTO auth_permission VALUES(202,50,'delete_taggeditem','Can delete tagged item');
INSERT INTO auth_permission VALUES(203,50,'view_taggeditem','Can view tagged item');
INSERT INTO auth_permission VALUES(204,51,'add_logentry','Can add log entry');
INSERT INTO auth_permission VALUES(205,51,'change_logentry','Can change log entry');
INSERT INTO auth_permission VALUES(206,51,'delete_logentry','Can delete log entry');
INSERT INTO auth_permission VALUES(207,51,'view_logentry','Can view log entry');
INSERT INTO auth_permission VALUES(208,52,'add_permission','Can add permission');
INSERT INTO auth_permission VALUES(209,52,'change_permission','Can change permission');
INSERT INTO auth_permission VALUES(210,52,'delete_permission','Can delete permission');
INSERT INTO auth_permission VALUES(211,52,'view_permission','Can view permission');
INSERT INTO auth_permission VALUES(212,53,'add_group','Can add group');
INSERT INTO auth_permission VALUES(213,53,'change_group','Can change group');
INSERT INTO auth_permission VALUES(214,53,'delete_group','Can delete group');
INSERT INTO auth_permission VALUES(215,53,'view_group','Can view group');
INSERT INTO auth_permission VALUES(216,54,'add_user','Can add user');
INSERT INTO auth_permission VALUES(217,54,'change_user','Can change user');
INSERT INTO auth_permission VALUES(218,54,'delete_user','Can delete user');
INSERT INTO auth_permission VALUES(219,54,'view_user','Can view user');
INSERT INTO auth_permission VALUES(220,55,'add_contenttype','Can add content type');
INSERT INTO auth_permission VALUES(221,55,'change_contenttype','Can change content type');
INSERT INTO auth_permission VALUES(222,55,'delete_contenttype','Can delete content type');
INSERT INTO auth_permission VALUES(223,55,'view_contenttype','Can view content type');
INSERT INTO auth_permission VALUES(224,56,'add_session','Can add session');
INSERT INTO auth_permission VALUES(225,56,'change_session','Can change session');
INSERT INTO auth_permission VALUES(226,56,'delete_session','Can delete session');
INSERT INTO auth_permission VALUES(227,56,'view_session','Can view session');
INSERT INTO auth_permission VALUES(228,57,'add_karamojaindexpage','Can add karamoja index page');
INSERT INTO auth_permission VALUES(229,57,'change_karamojaindexpage','Can change karamoja index page');
INSERT INTO auth_permission VALUES(230,57,'delete_karamojaindexpage','Can delete karamoja index page');
INSERT INTO auth_permission VALUES(231,57,'view_karamojaindexpage','Can view karamoja index page');
INSERT INTO auth_permission VALUES(232,58,'add_karamojapage','Can add karamoja page');
INSERT INTO auth_permission VALUES(233,58,'change_karamojapage','Can change karamoja page');
INSERT INTO auth_permission VALUES(234,58,'delete_karamojapage','Can delete karamoja page');
INSERT INTO auth_permission VALUES(235,58,'view_karamojapage','Can view karamoja page');
INSERT INTO auth_permission VALUES(236,59,'add_karamojaresponseindexpage','Can add karamoja response index page');
INSERT INTO auth_permission VALUES(237,59,'change_karamojaresponseindexpage','Can change karamoja response index page');
INSERT INTO auth_permission VALUES(238,59,'delete_karamojaresponseindexpage','Can delete karamoja response index page');
INSERT INTO auth_permission VALUES(239,59,'view_karamojaresponseindexpage','Can view karamoja response index page');
INSERT INTO auth_permission VALUES(240,60,'add_karamojaresponsepage','Can add karamoja response page');
INSERT INTO auth_permission VALUES(241,60,'change_karamojaresponsepage','Can change karamoja response page');
INSERT INTO auth_permission VALUES(242,60,'delete_karamojaresponsepage','Can delete karamoja response page');
INSERT INTO auth_permission VALUES(243,60,'view_karamojaresponsepage','Can view karamoja response page');
CREATE TABLE IF NOT EXISTS "auth_group" ("id" integer NOT NULL PRIMARY KEY AUTOINCREMENT, "name" varchar(150) NOT NULL UNIQUE);
INSERT INTO auth_group VALUES(1,'Moderators');
INSERT INTO auth_group VALUES(2,'Editors');
CREATE TABLE IF NOT EXISTS "auth_user" ("id" integer NOT NULL PRIMARY KEY AUTOINCREMENT, "password" varchar(128) NOT NULL, "last_login" datetime NULL, "is_superuser" bool NOT NULL, "username" varchar(150) NOT NULL UNIQUE, "last_name" varchar(150) NOT NULL, "email" varchar(254) NOT NULL, "is_staff" bool NOT NULL, "is_active" bool NOT NULL, "date_joined" datetime NOT NULL, "first_name" varchar(150) NOT NULL);
INSERT INTO auth_user VALUES(1,'pbkdf2_sha256$600000$9ZXLlhFSwm0jFZIEpt1nnS$r1u83723cVkGaWXvqN/DEiE4OJ+bjdCbK4dUqU6cLjM=','2023-11-25 08:33:51.514583',1,'admin','','admin@admin.com',1,1,'2023-11-22 16:42:39.891454','');
CREATE TABLE IF NOT EXISTS "wagtailcore_collection" ("id" integer NOT NULL PRIMARY KEY AUTOINCREMENT, "path" varchar(255) NOT NULL UNIQUE, "depth" integer unsigned NOT NULL CHECK ("depth" >= 0), "numchild" integer unsigned NOT NULL CHECK ("numchild" >= 0), "name" varchar(255) NOT NULL);
INSERT INTO wagtailcore_collection VALUES(1,'0001',1,0,'Root');
CREATE TABLE IF NOT EXISTS "wagtailcore_groupcollectionpermission" ("id" integer NOT NULL PRIMARY KEY AUTOINCREMENT, "collection_id" integer NOT NULL REFERENCES "wagtailcore_collection" ("id") DEFERRABLE INITIALLY DEFERRED, "group_id" integer NOT NULL REFERENCES "auth_group" ("id") DEFERRABLE INITIALLY DEFERRED, "permission_id" integer NOT NULL REFERENCES "auth_permission" ("id") DEFERRABLE INITIALLY DEFERRED);
INSERT INTO wagtailcore_groupcollectionpermission VALUES(1,1,2,1);
INSERT INTO wagtailcore_groupcollectionpermission VALUES(2,1,1,1);
INSERT INTO wagtailcore_groupcollectionpermission VALUES(3,1,2,2);
INSERT INTO wagtailcore_groupcollectionpermission VALUES(4,1,1,2);
INSERT INTO wagtailcore_groupcollectionpermission VALUES(5,1,2,102);
INSERT INTO wagtailcore_groupcollectionpermission VALUES(6,1,1,102);
INSERT INTO wagtailcore_groupcollectionpermission VALUES(7,1,2,103);
INSERT INTO wagtailcore_groupcollectionpermission VALUES(8,1,1,103);
INSERT INTO wagtailcore_groupcollectionpermission VALUES(9,1,2,105);
INSERT INTO wagtailcore_groupcollectionpermission VALUES(10,1,1,105);
CREATE TABLE IF NOT EXISTS "taggit_taggeditem" ("id" integer NOT NULL PRIMARY KEY AUTOINCREMENT, "object_id" integer NOT NULL, "content_type_id" integer NOT NULL REFERENCES "django_content_type" ("id") DEFERRABLE INITIALLY DEFERRED, "tag_id" integer NOT NULL REFERENCES "taggit_tag" ("id") DEFERRABLE INITIALLY DEFERRED);
INSERT INTO taggit_taggeditem VALUES(1,1,2,1);
INSERT INTO taggit_taggeditem VALUES(2,2,2,2);
INSERT INTO taggit_taggeditem VALUES(3,4,2,3);
INSERT INTO taggit_taggeditem VALUES(5,7,2,5);
INSERT INTO taggit_taggeditem VALUES(6,7,2,6);
INSERT INTO taggit_taggeditem VALUES(7,8,2,6);
INSERT INTO taggit_taggeditem VALUES(8,9,2,8);
INSERT INTO taggit_taggeditem VALUES(9,9,2,7);
INSERT INTO taggit_taggeditem VALUES(10,10,2,9);
INSERT INTO taggit_taggeditem VALUES(11,11,2,10);
INSERT INTO taggit_taggeditem VALUES(12,12,2,10);
INSERT INTO taggit_taggeditem VALUES(13,14,2,3);
INSERT INTO taggit_taggeditem VALUES(14,13,2,3);
INSERT INTO taggit_taggeditem VALUES(15,15,2,3);
INSERT INTO taggit_taggeditem VALUES(16,16,2,11);
INSERT INTO taggit_taggeditem VALUES(17,19,2,3);
INSERT INTO taggit_taggeditem VALUES(18,21,2,10);
CREATE TABLE IF NOT EXISTS "wagtailimages_uploadedimage" ("id" integer NOT NULL PRIMARY KEY AUTOINCREMENT, "file" varchar(200) NOT NULL, "uploaded_by_user_id" integer NULL REFERENCES "auth_user" ("id") DEFERRABLE INITIALLY DEFERRED);
CREATE TABLE IF NOT EXISTS "wagtailimages_image" ("id" integer NOT NULL PRIMARY KEY AUTOINCREMENT, "title" varchar(255) NOT NULL, "width" integer NOT NULL, "height" integer NOT NULL, "created_at" datetime NOT NULL, "focal_point_x" integer unsigned NULL CHECK ("focal_point_x" >= 0), "focal_point_y" integer unsigned NULL CHECK ("focal_point_y" >= 0), "focal_point_width" integer unsigned NULL CHECK ("focal_point_width" >= 0), "focal_point_height" integer unsigned NULL CHECK ("focal_point_height" >= 0), "uploaded_by_user_id" integer NULL REFERENCES "auth_user" ("id") DEFERRABLE INITIALLY DEFERRED, "file_size" integer unsigned NULL CHECK ("file_size" >= 0), "collection_id" integer NOT NULL REFERENCES "wagtailcore_collection" ("id") DEFERRABLE INITIALLY DEFERRED, "file_hash" varchar(40) NOT NULL, "file" varchar(100) NOT NULL);
INSERT INTO wagtailimages_image VALUES(1,'PHOTO-2023-06-15-22-38-29',1024,576,'2023-11-22 16:52:41.552605',NULL,NULL,NULL,NULL,1,146601,1,'b42ea2244ae1c58412471cd5a38e590c6f89e6a4','original_images/PHOTO-2023-06-15-22-38-29.jpg');
INSERT INTO wagtailimages_image VALUES(2,'growing food Karamoja',3270,2180,'2023-11-22 17:43:36.834646',NULL,NULL,NULL,NULL,1,6469092,1,'1d2aca06dce1f3efb2805122f7bb80833a6591d0','original_images/growing_food_1.png');
INSERT INTO wagtailimages_image VALUES(3,'growing food karamoja',3270,2180,'2023-11-22 17:44:37.427892',NULL,NULL,NULL,NULL,1,7135379,1,'c8b1e54840754587cdcafeffa02bcc662c699749','original_images/growing_food_3.png');
INSERT INTO wagtailimages_image VALUES(4,'Karamoja Yeshua Life',3270,2180,'2023-11-22 17:45:31.733393',NULL,NULL,NULL,NULL,1,6469092,1,'1d2aca06dce1f3efb2805122f7bb80833a6591d0','original_images/growing_food_1_ActxfWz.png');
INSERT INTO wagtailimages_image VALUES(6,'growing',3270,2180,'2023-11-22 17:48:32.730195',NULL,NULL,NULL,NULL,1,6221447,1,'2fa64fce3d31c1ff66d03966d2e485ed9e9123d5','original_images/growing_food_4.png');
INSERT INTO wagtailimages_image VALUES(7,'Empowering communities through essential clothing',3270,2180,'2023-11-23 08:29:50.122516',NULL,NULL,NULL,NULL,1,589246,1,'de700c26d23c6ffcf9719ac435023dcb11fab8f7','original_images/clothes_distribution.jpg');
INSERT INTO wagtailimages_image VALUES(8,'essential clothing',3270,2180,'2023-11-23 08:31:23.744374',NULL,NULL,NULL,NULL,1,6917162,1,'3241a4f0c28b7a6d6e0d4a3d0d54246f50777e4c','original_images/karamoja_cry.png');
INSERT INTO wagtailimages_image VALUES(9,'Lack of Clothing in Karamoja',3270,2180,'2023-11-23 08:48:19.638376',NULL,NULL,NULL,NULL,1,9622155,1,'7dfd7a3d13fd0f96b621d597010e06d63801e312','original_images/cause_lack_of_Clothings.png');
INSERT INTO wagtailimages_image VALUES(10,'Clothing we extend a helping hand with essential clothing',3270,2180,'2023-11-23 08:49:55.397297',NULL,NULL,NULL,NULL,1,376074,1,'8fa10bd2b5fe6a40555f1162a463af1b0970e6eb','original_images/clothing_we_extend_a_helping_hand_with_essential_clothing.jpg');
INSERT INTO wagtailimages_image VALUES(11,'Hunger in Karamoja',1131,1600,'2023-11-23 18:26:16.796419',NULL,NULL,NULL,NULL,1,368450,1,'d906b744df75626990a4f5046ac0d92ab3c54523','original_images/PHOTO-2023-11-23-21-12-03.jpg');
INSERT INTO wagtailimages_image VALUES(12,'hunger_image_1',3270,2180,'2023-11-23 18:43:00.398419',NULL,NULL,NULL,NULL,1,4915433,1,'5cb965ba25c9c8bfe7ebb958ee35f30dd1fc16d0','original_images/hunger_image_1.png');
INSERT INTO wagtailimages_image VALUES(13,'hunger_in_karamoja',3024,994,'2023-11-23 19:16:47.550076',NULL,NULL,NULL,NULL,1,1919761,1,'88faeb0553fca8458b33474ff9e0b99acd438f49','original_images/Karamoja_Karamoja.png');
INSERT INTO wagtailimages_image VALUES(14,'Hunger leading to death',3024,994,'2023-11-23 19:25:33.628308',NULL,NULL,NULL,NULL,1,3023259,1,'d558dacca1ad56e072bc87362bea5e29d5b4760a','original_images/Karamoja_2_hunger_2.png');
INSERT INTO wagtailimages_image VALUES(15,'Karamoja_2_no_',3024,994,'2023-11-24 08:28:56.013018',NULL,NULL,NULL,NULL,1,1930073,1,'83a76fdda34ffd2d72d8d4471481b6324996202c','original_images/Karamoja_2_no_.png');
INSERT INTO wagtailimages_image VALUES(16,'Karamoja_2_Karamoja',3024,994,'2023-11-24 09:12:04.936192',NULL,NULL,NULL,NULL,1,3101988,1,'1a1cdef13abbf79e015a4dba3c97581accbaff8f','original_images/Karamoja_2_Karamoja.png');
INSERT INTO wagtailimages_image VALUES(17,'Karamoja Fighting Hunger',3270,2180,'2023-11-24 09:37:11.256874',NULL,NULL,NULL,NULL,1,7421945,1,'d8d78953e9f36546cbec39987d198e2ff82e47c5','original_images/Photo_ismall.png');
INSERT INTO wagtailimages_image VALUES(19,'Karamoja Hunger fighting',3270,2180,'2023-11-24 10:22:55.635168',NULL,NULL,NULL,NULL,1,3258943,1,'e9410c60e0b96079ae300a7f5b931a13c5ac5e14','original_images/Karamoja_Hunger_fighting-.png');
INSERT INTO wagtailimages_image VALUES(20,'PHOTO-2023-08-31-12-56-30 11',1024,683,'2023-11-24 11:45:02.808140',NULL,NULL,NULL,NULL,1,119167,1,'3b9c852dc039b3fc6d16f1fca3c050cb95053482','original_images/PHOTO-2023-08-31-12-56-30_11.jpg');
INSERT INTO wagtailimages_image VALUES(21,'Karamoja_2_Hunger_people',3024,994,'2023-11-24 13:46:06.597457',NULL,NULL,NULL,NULL,1,3094589,1,'33e79919b10d6872ec3ac6142d3aaf7a8f0ebb7f','original_images/Karamoja_2_Hunger_people.png');
CREATE TABLE IF NOT EXISTS "wagtailimages_rendition" ("id" integer NOT NULL PRIMARY KEY AUTOINCREMENT, "width" integer NOT NULL, "height" integer NOT NULL, "focal_point_key" varchar(16) NOT NULL, "filter_spec" varchar(255) NOT NULL, "image_id" integer NOT NULL REFERENCES "wagtailimages_image" ("id") DEFERRABLE INITIALLY DEFERRED, "file" varchar(100) NOT NULL);
INSERT INTO wagtailimages_rendition VALUES(1,165,92,'','max-165x165',1,'images/PHOTO-2023-06-15-22-38-29.max-165x165.jpg');
INSERT INTO wagtailimages_rendition VALUES(2,165,110,'','max-165x165',2,'images/growing_food_1.max-165x165.png');
INSERT INTO wagtailimages_rendition VALUES(3,165,110,'','max-165x165',3,'images/growing_food_3.max-165x165.png');
INSERT INTO wagtailimages_rendition VALUES(4,800,533,'','max-800x600',2,'images/growing_food_1.max-800x600.png');
INSERT INTO wagtailimages_rendition VALUES(5,800,533,'','max-800x600',4,'images/growing_food_1_ActxfWz.max-800x600.png');
INSERT INTO wagtailimages_rendition VALUES(6,165,110,'','max-165x165',4,'images/growing_food_1_ActxfWz.max-165x165.png');
INSERT INTO wagtailimages_rendition VALUES(8,165,110,'','max-165x165',6,'images/growing_food_4.max-165x165.png');
INSERT INTO wagtailimages_rendition VALUES(9,600,337,'','width-600',1,'images/PHOTO-2023-06-15-22-38-29.width-600.jpg');
INSERT INTO wagtailimages_rendition VALUES(10,700,393,'','width-700',1,'images/PHOTO-2023-06-15-22-38-29.width-700.jpg');
INSERT INTO wagtailimages_rendition VALUES(11,400,266,'','width-400',6,'images/growing_food_4.width-400.png');
INSERT INTO wagtailimages_rendition VALUES(12,400,266,'','width-400',2,'images/growing_food_1.width-400.png');
INSERT INTO wagtailimages_rendition VALUES(13,400,266,'','width-400',3,'images/growing_food_3.width-400.png');
INSERT INTO wagtailimages_rendition VALUES(14,400,225,'','width-400',1,'images/PHOTO-2023-06-15-22-38-29.width-400.jpg');
INSERT INTO wagtailimages_rendition VALUES(15,500,281,'','width-500',1,'images/PHOTO-2023-06-15-22-38-29.width-500.jpg');
INSERT INTO wagtailimages_rendition VALUES(17,500,500,'2e16d0ba','fill-500x500',1,'images/PHOTO-2023-06-15-22-38-29.2e16d0ba.fill-500x500.jpg');
INSERT INTO wagtailimages_rendition VALUES(18,1024,576,'','width-1080',1,'images/PHOTO-2023-06-15-22-38-29.width-1080.jpg');
INSERT INTO wagtailimages_rendition VALUES(19,800,450,'','width-800',1,'images/PHOTO-2023-06-15-22-38-29.width-800.jpg');
INSERT INTO wagtailimages_rendition VALUES(20,500,281,'','max-500x500',1,'images/PHOTO-2023-06-15-22-38-29.max-500x500.jpg');
INSERT INTO wagtailimages_rendition VALUES(21,355,200,'','max-500x200',1,'images/PHOTO-2023-06-15-22-38-29.max-500x200.jpg');
INSERT INTO wagtailimages_rendition VALUES(22,177,100,'','max-500x100',1,'images/PHOTO-2023-06-15-22-38-29.max-500x100.jpg');
INSERT INTO wagtailimages_rendition VALUES(23,177,100,'','max-200x100',1,'images/PHOTO-2023-06-15-22-38-29.max-200x100.jpg');
INSERT INTO wagtailimages_rendition VALUES(24,200,100,'2e16d0ba','fill-200x100',1,'images/PHOTO-2023-06-15-22-38-29.2e16d0ba.fill-200x100.jpg');
INSERT INTO wagtailimages_rendition VALUES(25,165,110,'','max-165x165',7,'images/clothes_distribution.max-165x165.jpg');
INSERT INTO wagtailimages_rendition VALUES(26,165,110,'','max-165x165',8,'images/karamoja_cry.max-165x165.png');
INSERT INTO wagtailimages_rendition VALUES(27,600,400,'','width-600',7,'images/clothes_distribution.width-600.jpg');
INSERT INTO wagtailimages_rendition VALUES(28,700,466,'','width-700',7,'images/clothes_distribution.width-700.jpg');
INSERT INTO wagtailimages_rendition VALUES(29,800,533,'','max-800x600',9,'images/cause_lack_of_Clothings.max-800x600.png');
INSERT INTO wagtailimages_rendition VALUES(30,800,533,'','width-800',9,'images/cause_lack_of_Clothings.width-800.png');
INSERT INTO wagtailimages_rendition VALUES(31,165,110,'','max-165x165',9,'images/cause_lack_of_Clothings.max-165x165.png');
INSERT INTO wagtailimages_rendition VALUES(32,800,533,'','max-800x600',10,'images/clothing_we_extend_a_helping_hand_with_essen.max-800x600.jpg');
INSERT INTO wagtailimages_rendition VALUES(33,800,533,'','width-800',10,'images/clothing_we_extend_a_helping_hand_with_essenti.width-800.jpg');
INSERT INTO wagtailimages_rendition VALUES(34,800,533,'','width-800',7,'images/clothes_distribution.width-800.jpg');
INSERT INTO wagtailimages_rendition VALUES(35,1080,720,'','width-1080',7,'images/clothes_distribution.width-1080.jpg');
INSERT INTO wagtailimages_rendition VALUES(36,165,110,'','max-165x165',10,'images/clothing_we_extend_a_helping_hand_with_essen.max-165x165.jpg');
INSERT INTO wagtailimages_rendition VALUES(37,424,600,'','max-800x600',11,'images/PHOTO-2023-11-23-21-12-03.max-800x600.jpg');
INSERT INTO wagtailimages_rendition VALUES(38,500,707,'','width-500',11,'images/PHOTO-2023-11-23-21-12-03.width-500.jpg');
INSERT INTO wagtailimages_rendition VALUES(39,116,165,'','max-165x165',11,'images/PHOTO-2023-11-23-21-12-03.max-165x165.jpg');
INSERT INTO wagtailimages_rendition VALUES(40,165,110,'','max-165x165',12,'images/hunger_image_1.max-165x165.png');
INSERT INTO wagtailimages_rendition VALUES(41,3270,2180,'','original',12,'images/hunger_image_1.original.png');
INSERT INTO wagtailimages_rendition VALUES(42,800,533,'','max-800x600',12,'images/hunger_image_1.max-800x600.png');
INSERT INTO wagtailimages_rendition VALUES(45,750,500,'','max-1000x500',12,'images/hunger_image_1.max-1000x500.png');
INSERT INTO wagtailimages_rendition VALUES(48,80,80,'2e16d0ba','fill-80x80',12,'images/hunger_image_1.2e16d0ba.fill-80x80.png');
INSERT INTO wagtailimages_rendition VALUES(51,100,66,'','width-100|height-100',12,'images/hunger_image_1.width-100.height-100.png');
INSERT INTO wagtailimages_rendition VALUES(60,100,66,'','width-100',12,'images/hunger_image_1.width-100.png');
INSERT INTO wagtailimages_rendition VALUES(63,20,13,'','width-20',12,'images/hunger_image_1.width-20.png');
INSERT INTO wagtailimages_rendition VALUES(66,20,20,'2e16d0ba','fill-20x20',12,'images/hunger_image_1.2e16d0ba.fill-20x20.png');
INSERT INTO wagtailimages_rendition VALUES(69,80,10,'2e16d0ba','fill-80x10',12,'images/hunger_image_1.2e16d0ba.fill-80x10.png');
INSERT INTO wagtailimages_rendition VALUES(73,100,100,'2e16d0ba','fill-100x100',12,'images/hunger_image_1.2e16d0ba.fill-100x100.png');
INSERT INTO wagtailimages_rendition VALUES(76,300,100,'2e16d0ba','fill-300x100',12,'images/hunger_image_1.2e16d0ba.fill-300x100.png');
INSERT INTO wagtailimages_rendition VALUES(79,300,200,'2e16d0ba','fill-300x200',12,'images/hunger_image_1.2e16d0ba.fill-300x200.png');
INSERT INTO wagtailimages_rendition VALUES(82,300,300,'2e16d0ba','fill-300x300',12,'images/hunger_image_1.2e16d0ba.fill-300x300.png');
INSERT INTO wagtailimages_rendition VALUES(85,400,300,'2e16d0ba','fill-400x300',12,'images/hunger_image_1.2e16d0ba.fill-400x300.png');
INSERT INTO wagtailimages_rendition VALUES(88,400,400,'2e16d0ba','fill-400x400',12,'images/hunger_image_1.2e16d0ba.fill-400x400.png');
INSERT INTO wagtailimages_rendition VALUES(91,400,200,'2e16d0ba','fill-400x200',12,'images/hunger_image_1.2e16d0ba.fill-400x200.png');
INSERT INTO wagtailimages_rendition VALUES(94,500,300,'2e16d0ba','fill-500x300',12,'images/hunger_image_1.2e16d0ba.fill-500x300.png');
INSERT INTO wagtailimages_rendition VALUES(97,500,500,'2e16d0ba','fill-500x500',12,'images/hunger_image_1.2e16d0ba.fill-500x500.png');
INSERT INTO wagtailimages_rendition VALUES(100,300,500,'2e16d0ba','fill-300x500',12,'images/hunger_image_1.2e16d0ba.fill-300x500.png');
INSERT INTO wagtailimages_rendition VALUES(103,200,500,'2e16d0ba','fill-200x500',12,'images/hunger_image_1.2e16d0ba.fill-200x500.png');
INSERT INTO wagtailimages_rendition VALUES(106,600,500,'2e16d0ba','fill-600x500',12,'images/hunger_image_1.2e16d0ba.fill-600x500.png');
INSERT INTO wagtailimages_rendition VALUES(109,700,500,'2e16d0ba','fill-700x500',12,'images/hunger_image_1.2e16d0ba.fill-700x500.png');
INSERT INTO wagtailimages_rendition VALUES(112,800,500,'2e16d0ba','fill-800x500',12,'images/hunger_image_1.2e16d0ba.fill-800x500.png');
INSERT INTO wagtailimages_rendition VALUES(115,900,500,'2e16d0ba','fill-900x500',12,'images/hunger_image_1.2e16d0ba.fill-900x500.png');
INSERT INTO wagtailimages_rendition VALUES(118,1100,500,'2e16d0ba','fill-1100x500',12,'images/hunger_image_1.2e16d0ba.fill-1100x500.png');
INSERT INTO wagtailimages_rendition VALUES(121,1080,720,'','width-1080',9,'images/cause_lack_of_Clothings.width-1080.png');
INSERT INTO wagtailimages_rendition VALUES(126,1000,500,'2e16d0ba','fill-1000x500',12,'images/hunger_image_1.2e16d0ba.fill-1000x500.png');
INSERT INTO wagtailimages_rendition VALUES(129,1300,500,'2e16d0ba','fill-1300x500',12,'images/hunger_image_1.2e16d0ba.fill-1300x500.png');
INSERT INTO wagtailimages_rendition VALUES(132,1500,500,'2e16d0ba','fill-1500x500',12,'images/hunger_image_1.2e16d0ba.fill-1500x500.png');
INSERT INTO wagtailimages_rendition VALUES(135,1500,800,'2e16d0ba','fill-1500x800',12,'images/hunger_image_1.2e16d0ba.fill-1500x800.png');
INSERT INTO wagtailimages_rendition VALUES(138,1500,600,'2e16d0ba','fill-1500x600',12,'images/hunger_image_1.2e16d0ba.fill-1500x600.png');
INSERT INTO wagtailimages_rendition VALUES(141,1300,600,'2e16d0ba','fill-1300x600',12,'images/hunger_image_1.2e16d0ba.fill-1300x600.png');
INSERT INTO wagtailimages_rendition VALUES(144,1600,600,'2e16d0ba','fill-1600x600',12,'images/hunger_image_1.2e16d0ba.fill-1600x600.png');
INSERT INTO wagtailimages_rendition VALUES(147,1400,800,'2e16d0ba','fill-1400x800',12,'images/hunger_image_1.2e16d0ba.fill-1400x800.png');
INSERT INTO wagtailimages_rendition VALUES(150,1900,800,'2e16d0ba','fill-1900x800',12,'images/hunger_image_1.2e16d0ba.fill-1900x800.png');
INSERT INTO wagtailimages_rendition VALUES(166,165,54,'','max-165x165',14,'images/Karamoja_2_hunger_2.max-165x165.png');
INSERT INTO wagtailimages_rendition VALUES(167,1300,600,'2e16d0ba','fill-1300x600',14,'images/Karamoja_2_hunger_2.2e16d0ba.fill-1300x600.png');
INSERT INTO wagtailimages_rendition VALUES(168,1400,600,'2e16d0ba','fill-1400x600',12,'images/hunger_image_1.2e16d0ba.fill-1400x600.png');
INSERT INTO wagtailimages_rendition VALUES(170,1400,600,'2e16d0ba','fill-1400x600',14,'images/Karamoja_2_hunger_2.2e16d0ba.fill-1400x600.png');
INSERT INTO wagtailimages_rendition VALUES(171,1500,600,'2e16d0ba','fill-1500x600',14,'images/Karamoja_2_hunger_2.2e16d0ba.fill-1500x600.png');
INSERT INTO wagtailimages_rendition VALUES(172,1500,400,'2e16d0ba','fill-1500x400',12,'images/hunger_image_1.2e16d0ba.fill-1500x400.png');
INSERT INTO wagtailimages_rendition VALUES(174,1500,400,'2e16d0ba','fill-1500x400',14,'images/Karamoja_2_hunger_2.2e16d0ba.fill-1500x400.png');
INSERT INTO wagtailimages_rendition VALUES(175,1500,800,'2e16d0ba','fill-1500x800',14,'images/Karamoja_2_hunger_2.2e16d0ba.fill-1500x800.png');
INSERT INTO wagtailimages_rendition VALUES(176,1500,700,'2e16d0ba','fill-1500x700',12,'images/hunger_image_1.2e16d0ba.fill-1500x700.png');
INSERT INTO wagtailimages_rendition VALUES(178,1500,700,'2e16d0ba','fill-1500x700',14,'images/Karamoja_2_hunger_2.2e16d0ba.fill-1500x700.png');
INSERT INTO wagtailimages_rendition VALUES(179,800,262,'','max-800x600',14,'images/Karamoja_2_hunger_2.max-800x600.png');
INSERT INTO wagtailimages_rendition VALUES(180,800,262,'','width-800',14,'images/Karamoja_2_hunger_2.width-800.png');
INSERT INTO wagtailimages_rendition VALUES(181,165,54,'','max-165x165',13,'images/Karamoja_Karamoja.max-165x165.png');
INSERT INTO wagtailimages_rendition VALUES(182,1500,700,'2e16d0ba','fill-1500x700',13,'images/Karamoja_Karamoja.2e16d0ba.fill-1500x700.png');
INSERT INTO wagtailimages_rendition VALUES(183,800,262,'','max-800x600',13,'images/Karamoja_Karamoja.max-800x600.png');
INSERT INTO wagtailimages_rendition VALUES(184,800,262,'','width-800',13,'images/Karamoja_Karamoja.width-800.png');
INSERT INTO wagtailimages_rendition VALUES(185,165,54,'','max-165x165',15,'images/Karamoja_2_no_.max-165x165.png');
INSERT INTO wagtailimages_rendition VALUES(186,1500,700,'2e16d0ba','fill-1500x700',15,'images/Karamoja_2_no_.2e16d0ba.fill-1500x700.png');
INSERT INTO wagtailimages_rendition VALUES(187,165,54,'','max-165x165',16,'images/Karamoja_2_Karamoja.max-165x165.png');
INSERT INTO wagtailimages_rendition VALUES(188,1500,700,'2e16d0ba','fill-1500x700',16,'images/Karamoja_2_Karamoja.2e16d0ba.fill-1500x700.png');
INSERT INTO wagtailimages_rendition VALUES(189,165,110,'','max-165x165',17,'images/Photo_ismall.max-165x165.png');
INSERT INTO wagtailimages_rendition VALUES(191,800,533,'','width-800',12,'images/hunger_image_1.width-800.png');
INSERT INTO wagtailimages_rendition VALUES(192,800,262,'','max-800x600',16,'images/Karamoja_2_Karamoja.max-800x600.png');
INSERT INTO wagtailimages_rendition VALUES(193,800,262,'','width-800',16,'images/Karamoja_2_Karamoja.width-800.png');
INSERT INTO wagtailimages_rendition VALUES(194,165,110,'','max-165x165',19,'images/Karamoja_Hunger_fighting-.max-165x165.png');
INSERT INTO wagtailimages_rendition VALUES(195,600,400,'','width-600',17,'images/Photo_ismall.width-600.png');
INSERT INTO wagtailimages_rendition VALUES(196,700,466,'','width-700',17,'images/Photo_ismall.width-700.png');
INSERT INTO wagtailimages_rendition VALUES(197,600,400,'','width-600',19,'images/Karamoja_Hunger_fighting-.width-600.png');
INSERT INTO wagtailimages_rendition VALUES(198,700,466,'','width-700',19,'images/Karamoja_Hunger_fighting-.width-700.png');
INSERT INTO wagtailimages_rendition VALUES(199,600,400,'','width-600',10,'images/clothing_we_extend_a_helping_hand_with_essenti.width-600.jpg');
INSERT INTO wagtailimages_rendition VALUES(200,700,466,'','width-700',10,'images/clothing_we_extend_a_helping_hand_with_essenti.width-700.jpg');
INSERT INTO wagtailimages_rendition VALUES(201,200,133,'','width-200',17,'images/Photo_ismall.width-200.png');
INSERT INTO wagtailimages_rendition VALUES(202,200,133,'','width-200',19,'images/Karamoja_Hunger_fighting-.width-200.png');
INSERT INTO wagtailimages_rendition VALUES(203,200,133,'','width-200',10,'images/clothing_we_extend_a_helping_hand_with_essenti.width-200.jpg');
INSERT INTO wagtailimages_rendition VALUES(204,400,266,'','width-400',17,'images/Photo_ismall.width-400.png');
INSERT INTO wagtailimages_rendition VALUES(205,400,266,'','width-400',19,'images/Karamoja_Hunger_fighting-.width-400.png');
INSERT INTO wagtailimages_rendition VALUES(206,400,266,'','width-400',10,'images/clothing_we_extend_a_helping_hand_with_essenti.width-400.jpg');
INSERT INTO wagtailimages_rendition VALUES(207,500,333,'','width-500',17,'images/Photo_ismall.width-500.png');
INSERT INTO wagtailimages_rendition VALUES(208,500,333,'','width-500',19,'images/Karamoja_Hunger_fighting-.width-500.png');
INSERT INTO wagtailimages_rendition VALUES(209,500,333,'','width-500',10,'images/clothing_we_extend_a_helping_hand_with_essenti.width-500.jpg');
INSERT INTO wagtailimages_rendition VALUES(210,800,533,'','width-800',19,'images/Karamoja_Hunger_fighting-.width-800.png');
INSERT INTO wagtailimages_rendition VALUES(211,1080,720,'','width-1080',19,'images/Karamoja_Hunger_fighting-.width-1080.png');
INSERT INTO wagtailimages_rendition VALUES(212,800,533,'','width-800',17,'images/Photo_ismall.width-800.png');
INSERT INTO wagtailimages_rendition VALUES(213,1080,720,'','width-1080',17,'images/Photo_ismall.width-1080.png');
INSERT INTO wagtailimages_rendition VALUES(214,1080,720,'','width-1080',10,'images/clothing_we_extend_a_helping_hand_with_essent.width-1080.jpg');
INSERT INTO wagtailimages_rendition VALUES(215,800,533,'','max-800x600',20,'images/PHOTO-2023-08-31-12-56-30_11.max-800x600.jpg');
INSERT INTO wagtailimages_rendition VALUES(216,800,533,'','width-800',20,'images/PHOTO-2023-08-31-12-56-30_11.width-800.jpg');
INSERT INTO wagtailimages_rendition VALUES(217,600,400,'','width-600',9,'images/cause_lack_of_Clothings.width-600.png');
INSERT INTO wagtailimages_rendition VALUES(218,700,466,'','width-700',9,'images/cause_lack_of_Clothings.width-700.png');
INSERT INTO wagtailimages_rendition VALUES(219,165,110,'','max-165x165',20,'images/PHOTO-2023-08-31-12-56-30_11.max-165x165.jpg');
INSERT INTO wagtailimages_rendition VALUES(220,165,54,'','max-165x165',21,'images/Karamoja_2_Hunger_people.max-165x165.png');
INSERT INTO wagtailimages_rendition VALUES(221,1500,700,'2e16d0ba','fill-1500x700',21,'images/Karamoja_2_Hunger_people.2e16d0ba.fill-1500x700.png');
INSERT INTO wagtailimages_rendition VALUES(222,100,32,'','width-100',21,'images/Karamoja_2_Hunger_people.width-100.png');
INSERT INTO wagtailimages_rendition VALUES(223,100,32,'','width-100',16,'images/Karamoja_2_Karamoja.width-100.png');
INSERT INTO wagtailimages_rendition VALUES(224,100,32,'','width-100',13,'images/Karamoja_Karamoja.width-100.png');
INSERT INTO wagtailimages_rendition VALUES(225,100,32,'','width-100',15,'images/Karamoja_2_no_.width-100.png');
INSERT INTO wagtailimages_rendition VALUES(226,100,32,'','width-100',14,'images/Karamoja_2_hunger_2.width-100.png');
INSERT INTO wagtailimages_rendition VALUES(227,500,164,'','width-500',21,'images/Karamoja_2_Hunger_people.width-500.png');
INSERT INTO wagtailimages_rendition VALUES(228,500,333,'','width-500',12,'images/hunger_image_1.width-500.png');
INSERT INTO wagtailimages_rendition VALUES(229,500,164,'','width-500',16,'images/Karamoja_2_Karamoja.width-500.png');
INSERT INTO wagtailimages_rendition VALUES(230,500,164,'','width-500',13,'images/Karamoja_Karamoja.width-500.png');
INSERT INTO wagtailimages_rendition VALUES(231,500,164,'','width-500',15,'images/Karamoja_2_no_.width-500.png');
INSERT INTO wagtailimages_rendition VALUES(232,500,164,'','width-500',14,'images/Karamoja_2_hunger_2.width-500.png');
INSERT INTO wagtailimages_rendition VALUES(233,500,164,'','width-500|height-500',21,'images/Karamoja_2_Hunger_people.width-500.height-500.png');
INSERT INTO wagtailimages_rendition VALUES(234,500,333,'','width-500|height-500',12,'images/hunger_image_1.width-500.height-500.png');
INSERT INTO wagtailimages_rendition VALUES(235,500,164,'','width-500|height-500',16,'images/Karamoja_2_Karamoja.width-500.height-500.png');
INSERT INTO wagtailimages_rendition VALUES(236,500,164,'','width-500|height-500',13,'images/Karamoja_Karamoja.width-500.height-500.png');
INSERT INTO wagtailimages_rendition VALUES(237,500,164,'','width-500|height-500',15,'images/Karamoja_2_no_.width-500.height-500.png');
INSERT INTO wagtailimages_rendition VALUES(238,500,164,'','width-500|height-500',14,'images/Karamoja_2_hunger_2.width-500.height-500.png');
INSERT INTO wagtailimages_rendition VALUES(239,400,131,'','width-400|height-400',21,'images/Karamoja_2_Hunger_people.width-400.height-400.png');
INSERT INTO wagtailimages_rendition VALUES(240,400,266,'','width-400|height-400',12,'images/hunger_image_1.width-400.height-400.png');
INSERT INTO wagtailimages_rendition VALUES(241,400,131,'','width-400|height-400',16,'images/Karamoja_2_Karamoja.width-400.height-400.png');
INSERT INTO wagtailimages_rendition VALUES(242,400,131,'','width-400|height-400',13,'images/Karamoja_Karamoja.width-400.height-400.png');
INSERT INTO wagtailimages_rendition VALUES(243,400,131,'','width-400|height-400',15,'images/Karamoja_2_no_.width-400.height-400.png');
INSERT INTO wagtailimages_rendition VALUES(244,400,131,'','width-400|height-400',14,'images/Karamoja_2_hunger_2.width-400.height-400.png');
INSERT INTO wagtailimages_rendition VALUES(245,300,98,'','width-300|height-300',21,'images/Karamoja_2_Hunger_people.width-300.height-300.png');
INSERT INTO wagtailimages_rendition VALUES(246,300,200,'','width-300|height-300',12,'images/hunger_image_1.width-300.height-300.png');
INSERT INTO wagtailimages_rendition VALUES(247,300,98,'','width-300|height-300',16,'images/Karamoja_2_Karamoja.width-300.height-300.png');
INSERT INTO wagtailimages_rendition VALUES(248,300,98,'','width-300|height-300',13,'images/Karamoja_Karamoja.width-300.height-300.png');
INSERT INTO wagtailimages_rendition VALUES(249,300,98,'','width-300|height-300',15,'images/Karamoja_2_no_.width-300.height-300.png');
INSERT INTO wagtailimages_rendition VALUES(250,300,98,'','width-300|height-300',14,'images/Karamoja_2_hunger_2.width-300.height-300.png');
INSERT INTO wagtailimages_rendition VALUES(251,600,197,'','width-600|height-600',21,'images/Karamoja_2_Hunger_people.width-600.height-600.png');
INSERT INTO wagtailimages_rendition VALUES(252,600,400,'','width-600|height-600',12,'images/hunger_image_1.width-600.height-600.png');
INSERT INTO wagtailimages_rendition VALUES(253,600,197,'','width-600|height-600',16,'images/Karamoja_2_Karamoja.width-600.height-600.png');
INSERT INTO wagtailimages_rendition VALUES(254,600,197,'','width-600|height-600',13,'images/Karamoja_Karamoja.width-600.height-600.png');
INSERT INTO wagtailimages_rendition VALUES(255,600,197,'','width-600|height-600',15,'images/Karamoja_2_no_.width-600.height-600.png');
INSERT INTO wagtailimages_rendition VALUES(256,600,197,'','width-600|height-600',14,'images/Karamoja_2_hunger_2.width-600.height-600.png');
CREATE TABLE IF NOT EXISTS "wagtailcore_pageviewrestriction_groups" ("id" integer NOT NULL PRIMARY KEY AUTOINCREMENT, "pageviewrestriction_id" integer NOT NULL REFERENCES "wagtailcore_pageviewrestriction" ("id") DEFERRABLE INITIALLY DEFERRED, "group_id" integer NOT NULL REFERENCES "auth_group" ("id") DEFERRABLE INITIALLY DEFERRED);
CREATE TABLE IF NOT EXISTS "wagtailcore_pageviewrestriction" ("id" integer NOT NULL PRIMARY KEY AUTOINCREMENT, "password" varchar(255) NOT NULL, "page_id" integer NOT NULL REFERENCES "wagtailcore_page" ("id") DEFERRABLE INITIALLY DEFERRED, "restriction_type" varchar(20) NOT NULL);
CREATE TABLE IF NOT EXISTS "wagtailcore_collectionviewrestriction" ("id" integer NOT NULL PRIMARY KEY AUTOINCREMENT, "restriction_type" varchar(20) NOT NULL, "password" varchar(255) NOT NULL, "collection_id" integer NOT NULL REFERENCES "wagtailcore_collection" ("id") DEFERRABLE INITIALLY DEFERRED);
CREATE TABLE IF NOT EXISTS "wagtailcore_collectionviewrestriction_groups" ("id" integer NOT NULL PRIMARY KEY AUTOINCREMENT, "collectionviewrestriction_id" integer NOT NULL REFERENCES "wagtailcore_collectionviewrestriction" ("id") DEFERRABLE INITIALLY DEFERRED, "group_id" integer NOT NULL REFERENCES "auth_group" ("id") DEFERRABLE INITIALLY DEFERRED);
CREATE TABLE IF NOT EXISTS "wagtailcore_site" ("id" integer NOT NULL PRIMARY KEY AUTOINCREMENT, "hostname" varchar(255) NOT NULL, "port" integer NOT NULL, "is_default_site" bool NOT NULL, "root_page_id" integer NOT NULL REFERENCES "wagtailcore_page" ("id") DEFERRABLE INITIALLY DEFERRED, "site_name" varchar(255) NOT NULL);
INSERT INTO wagtailcore_site VALUES(2,'localhost',80,1,3,'');
CREATE TABLE IF NOT EXISTS "wagtailcore_task" ("id" integer NOT NULL PRIMARY KEY AUTOINCREMENT, "name" varchar(255) NOT NULL, "active" bool NOT NULL, "content_type_id" integer NOT NULL REFERENCES "django_content_type" ("id") DEFERRABLE INITIALLY DEFERRED);
INSERT INTO wagtailcore_task VALUES(1,'Moderators approval',1,3);
CREATE TABLE IF NOT EXISTS "wagtailcore_workflow" ("id" integer NOT NULL PRIMARY KEY AUTOINCREMENT, "name" varchar(255) NOT NULL, "active" bool NOT NULL);
INSERT INTO wagtailcore_workflow VALUES(1,'Moderators approval',1);
CREATE TABLE IF NOT EXISTS "wagtailcore_groupapprovaltask" ("task_ptr_id" integer NOT NULL PRIMARY KEY REFERENCES "wagtailcore_task" ("id") DEFERRABLE INITIALLY DEFERRED);
INSERT INTO wagtailcore_groupapprovaltask VALUES(1);
CREATE TABLE IF NOT EXISTS "wagtailcore_workflowpage" ("page_id" integer NOT NULL PRIMARY KEY REFERENCES "wagtailcore_page" ("id") DEFERRABLE INITIALLY DEFERRED, "workflow_id" integer NOT NULL REFERENCES "wagtailcore_workflow" ("id") DEFERRABLE INITIALLY DEFERRED);
INSERT INTO wagtailcore_workflowpage VALUES(1,1);
CREATE TABLE IF NOT EXISTS "wagtailcore_workflowtask" ("id" integer NOT NULL PRIMARY KEY AUTOINCREMENT, "sort_order" integer NULL, "task_id" integer NOT NULL REFERENCES "wagtailcore_task" ("id") DEFERRABLE INITIALLY DEFERRED, "workflow_id" integer NOT NULL REFERENCES "wagtailcore_workflow" ("id") DEFERRABLE INITIALLY DEFERRED);
INSERT INTO wagtailcore_workflowtask VALUES(1,0,1,1);
CREATE TABLE IF NOT EXISTS "wagtailcore_groupapprovaltask_groups" ("id" integer NOT NULL PRIMARY KEY AUTOINCREMENT, "groupapprovaltask_id" integer NOT NULL REFERENCES "wagtailcore_groupapprovaltask" ("task_ptr_id") DEFERRABLE INITIALLY DEFERRED, "group_id" integer NOT NULL REFERENCES "auth_group" ("id") DEFERRABLE INITIALLY DEFERRED);
INSERT INTO wagtailcore_groupapprovaltask_groups VALUES(1,1,1);
CREATE TABLE IF NOT EXISTS "wagtailcore_locale" ("id" integer NOT NULL PRIMARY KEY AUTOINCREMENT, "language_code" varchar(100) NOT NULL UNIQUE);
INSERT INTO wagtailcore_locale VALUES(1,'en');
CREATE TABLE IF NOT EXISTS "wagtailcore_page" ("id" integer NOT NULL PRIMARY KEY AUTOINCREMENT, "path" varchar(255) NOT NULL UNIQUE, "depth" integer unsigned NOT NULL CHECK ("depth" >= 0), "numchild" integer unsigned NOT NULL CHECK ("numchild" >= 0), "title" varchar(255) NOT NULL, "slug" varchar(255) NOT NULL, "live" bool NOT NULL, "has_unpublished_changes" bool NOT NULL, "url_path" text NOT NULL, "seo_title" varchar(255) NOT NULL, "show_in_menus" bool NOT NULL, "search_description" text NOT NULL, "go_live_at" datetime NULL, "expire_at" datetime NULL, "expired" bool NOT NULL, "content_type_id" integer NOT NULL REFERENCES "django_content_type" ("id") DEFERRABLE INITIALLY DEFERRED, "owner_id" integer NULL REFERENCES "auth_user" ("id") DEFERRABLE INITIALLY DEFERRED, "locked" bool NOT NULL, "latest_revision_created_at" datetime NULL, "first_published_at" datetime NULL, "live_revision_id" integer NULL REFERENCES "wagtailcore_revision" ("id") DEFERRABLE INITIALLY DEFERRED, "last_published_at" datetime NULL, "draft_title" varchar(255) NOT NULL, "locked_at" datetime NULL, "locked_by_id" integer NULL REFERENCES "auth_user" ("id") DEFERRABLE INITIALLY DEFERRED, "locale_id" integer NOT NULL REFERENCES "wagtailcore_locale" ("id") DEFERRABLE INITIALLY DEFERRED, "translation_key" char(32) NOT NULL, "alias_of_id" integer NULL REFERENCES "wagtailcore_page" ("id") DEFERRABLE INITIALLY DEFERRED, "latest_revision_id" integer NULL REFERENCES "wagtailcore_revision" ("id") DEFERRABLE INITIALLY DEFERRED);
INSERT INTO wagtailcore_page VALUES(1,'0001',1,1,'Root','root',1,0,'/','',0,'',NULL,NULL,0,1,NULL,0,NULL,NULL,NULL,NULL,'Root',NULL,NULL,1,'ad259d125a1141e2918475d9c5a42587',NULL,NULL);
INSERT INTO wagtailcore_page VALUES(3,'00010001',2,4,'Home','home',1,0,'/home/','',0,'',NULL,NULL,0,4,NULL,0,NULL,NULL,NULL,NULL,'Home',NULL,NULL,1,'55854e6d2be24589a7aa81e34a71829b',NULL,NULL);
INSERT INTO wagtailcore_page VALUES(4,'000100010001',3,0,'Home','home',1,0,'/home/home/','',0,'',NULL,NULL,0,4,1,0,'2023-11-22 16:44:28.576449','2023-11-22 16:44:28.586940',1,'2023-11-22 16:44:28.586940','Home',NULL,NULL,1,'45f93f64668542a5bbb4fc98bfa6d315',NULL,1);
INSERT INTO wagtailcore_page VALUES(5,'000100010002',3,2,'Blog','blog',1,0,'/home/blog/','',0,'',NULL,NULL,0,36,1,0,'2023-11-23 14:01:22.452401','2023-11-22 16:45:24.531400',14,'2023-11-23 14:01:22.467586','Blog',NULL,NULL,1,'03c70810aa89442ebad61ab754e7ea67',NULL,14);
INSERT INTO wagtailcore_page VALUES(6,'0001000100020001',4,0,'Agriculture systems Turning   Karamoja  Dry Land Into  Food Bucket','agriculture-systems-turning-karamoja-dry-land-into-food-bucket',1,0,'/home/blog/agriculture-systems-turning-karamoja-dry-land-into-food-bucket/','',0,'',NULL,NULL,0,37,1,0,'2023-11-24 17:17:59.732049','2023-11-22 17:49:47.598099',35,'2023-11-24 17:17:59.746888','Agriculture systems Turning   Karamoja  Dry Land Into  Food Bucket',NULL,NULL,1,'6b49128a64a94da18e06ad6ee5011335',NULL,35);
INSERT INTO wagtailcore_page VALUES(9,'000100010003',3,4,'Karamoja','karamoja',1,0,'/home/karamoja/','',0,'',NULL,NULL,0,57,1,0,'2023-11-23 16:41:57.012218','2023-11-23 16:41:57.025304',17,'2023-11-23 16:41:57.025304','Karamoja',NULL,NULL,1,'c832702d4a5d459e994463e5389c788d',NULL,17);
INSERT INTO wagtailcore_page VALUES(10,'0001000100030001',4,0,'Unveiling the Causes, Cultivating Solutions for a Nourished and Climate-Resilient in Karamoja','unveiling-the-causes-cultivating-solutions-for-a-nourished-and-climate-resilient-in-karamoja',1,0,'/home/karamoja/unveiling-the-causes-cultivating-solutions-for-a-nourished-and-climate-resilient-in-karamoja/','',0,'',NULL,NULL,0,58,1,0,'2023-11-24 13:46:54.829174','2023-11-23 19:18:19.864649',33,'2023-11-24 13:46:54.845434','Unveiling the Causes, Cultivating Solutions for a Nourished and Climate-Resilient in Karamoja',NULL,NULL,1,'bb8ddb74803a4d0dbf641ef711c12168',NULL,33);
INSERT INTO wagtailcore_page VALUES(11,'0001000100030002',4,0,'A Unified Front Against Hunger for a Sustained and Flourishing Tomorrow.','a-unified-front-against-hunger-for-a-sustained-and-flourishing-tomorrow',1,0,'/home/karamoja/a-unified-front-against-hunger-for-a-sustained-and-flourishing-tomorrow/','',0,'',NULL,NULL,0,58,1,0,'2023-11-24 09:46:19.083203','2023-11-24 09:46:19.092699',28,'2023-11-24 09:46:19.092699','A Unified Front Against Hunger for a Sustained and Flourishing Tomorrow.',NULL,NULL,1,'fbbae564841c45579c2fea666e7ddf77',NULL,28);
INSERT INTO wagtailcore_page VALUES(12,'0001000100030003',4,0,'The initiative responsibility and hope, cultivating a future where every individual','the-initiative-responsibility-and-hope-cultivating-a-future-where-every-individual',1,0,'/home/karamoja/the-initiative-responsibility-and-hope-cultivating-a-future-where-every-individual/','',0,'',NULL,NULL,0,58,1,0,'2023-11-24 10:25:27.610992','2023-11-24 10:25:27.624165',29,'2023-11-24 10:25:27.624165','The initiative responsibility and hope, cultivating a future where every individual',NULL,NULL,1,'c62dbad5c2b647f59c2d3c436118417a',NULL,29);
INSERT INTO wagtailcore_page VALUES(13,'0001000100030004',4,0,'Tackling Bedding, Mattress, and Food Shortages to Illuminate Paths of Comfort, Nourishment, and Resilience for All.','tackling-bedding-mattress-and-food-shortages-to-illuminate-paths-of-comfort-nourishment-and-resilience-for-all',1,0,'/home/karamoja/tackling-bedding-mattress-and-food-shortages-to-illuminate-paths-of-comfort-nourishment-and-resilience-for-all/','',0,'',NULL,NULL,0,58,1,0,'2023-11-24 11:39:49.201044','2023-11-24 10:31:20.312255',31,'2023-11-24 11:39:49.216909','Tackling Bedding, Mattress, and Food Shortages to Illuminate Paths of Comfort, Nourishment, and Resilience for All.',NULL,NULL,1,'10a6bcaa1bce48f586ee652e0469e27f',NULL,31);
INSERT INTO wagtailcore_page VALUES(14,'0001000100020003',4,0,'One Elevate lives with our initiative, providing essential attire, bedsheets, and mattresses. Join us in fostering comfort and dignity for those in need.','one-elevate-lives-with-our-initiative-providing-essential-attire-bedsheets-and-mattresses-join-us-in-fostering-comfort-and-dignity-for-those-in-need',1,0,'/home/blog/one-elevate-lives-with-our-initiative-providing-essential-attire-bedsheets-and-mattresses-join-us-in-fostering-comfort-and-dignity-for-those-in-need/','',0,'',NULL,NULL,0,37,1,0,'2023-11-24 11:46:21.258845','2023-11-24 11:46:21.277570',32,'2023-11-24 11:46:21.277570','One Elevate lives with our initiative, providing essential attire, bedsheets, and mattresses. Join us in fostering comfort and dignity for those in need.',NULL,NULL,1,'6602f54745ea40a0bded0957b859bb2d',NULL,32);
INSERT INTO wagtailcore_page VALUES(15,'000100010004',3,0,'Response','response',1,0,'/home/response/','',0,'',NULL,NULL,0,59,1,0,'2023-11-24 14:59:40.963382','2023-11-24 14:59:40.971557',34,'2023-11-24 14:59:40.971557','Response',NULL,NULL,1,'897418b33d9242da9f25d1fce255fe6b',NULL,34);
CREATE TABLE IF NOT EXISTS "wagtailcore_commentreply" ("id" integer NOT NULL PRIMARY KEY AUTOINCREMENT, "text" text NOT NULL, "created_at" datetime NOT NULL, "updated_at" datetime NOT NULL, "comment_id" integer NOT NULL REFERENCES "wagtailcore_comment" ("id") DEFERRABLE INITIALLY DEFERRED, "user_id" integer NOT NULL REFERENCES "auth_user" ("id") DEFERRABLE INITIALLY DEFERRED);
CREATE TABLE IF NOT EXISTS "wagtailcore_pagesubscription" ("id" integer NOT NULL PRIMARY KEY AUTOINCREMENT, "comment_notifications" bool NOT NULL, "page_id" integer NOT NULL REFERENCES "wagtailcore_page" ("id") DEFERRABLE INITIALLY DEFERRED, "user_id" integer NOT NULL REFERENCES "auth_user" ("id") DEFERRABLE INITIALLY DEFERRED);
INSERT INTO wagtailcore_pagesubscription VALUES(1,1,4,1);
INSERT INTO wagtailcore_pagesubscription VALUES(2,1,5,1);
INSERT INTO wagtailcore_pagesubscription VALUES(3,1,6,1);
INSERT INTO wagtailcore_pagesubscription VALUES(6,0,3,1);
INSERT INTO wagtailcore_pagesubscription VALUES(7,1,9,1);
INSERT INTO wagtailcore_pagesubscription VALUES(8,1,10,1);
INSERT INTO wagtailcore_pagesubscription VALUES(9,1,11,1);
INSERT INTO wagtailcore_pagesubscription VALUES(10,1,12,1);
INSERT INTO wagtailcore_pagesubscription VALUES(11,1,13,1);
INSERT INTO wagtailcore_pagesubscription VALUES(12,1,14,1);
INSERT INTO wagtailcore_pagesubscription VALUES(13,1,15,1);
CREATE TABLE IF NOT EXISTS "wagtailcore_comment" ("id" integer NOT NULL PRIMARY KEY AUTOINCREMENT, "text" text NOT NULL, "contentpath" text NOT NULL, "position" text NOT NULL, "created_at" datetime NOT NULL, "updated_at" datetime NOT NULL, "resolved_at" datetime NULL, "page_id" integer NOT NULL REFERENCES "wagtailcore_page" ("id") DEFERRABLE INITIALLY DEFERRED, "resolved_by_id" integer NULL REFERENCES "auth_user" ("id") DEFERRABLE INITIALLY DEFERRED, "user_id" integer NOT NULL REFERENCES "auth_user" ("id") DEFERRABLE INITIALLY DEFERRED, "revision_created_id" integer NULL REFERENCES "wagtailcore_revision" ("id") DEFERRABLE INITIALLY DEFERRED);
CREATE TABLE IF NOT EXISTS "wagtailcore_revision" ("id" integer NOT NULL PRIMARY KEY AUTOINCREMENT, "submitted_for_moderation" bool NOT NULL, "created_at" datetime NOT NULL, "approved_go_live_at" datetime NULL, "user_id" integer NULL REFERENCES "auth_user" ("id") DEFERRABLE INITIALLY DEFERRED, "content" text NOT NULL CHECK ((JSON_VALID("content") OR "content" IS NULL)), "object_id" varchar(255) NOT NULL, "content_type_id" integer NOT NULL REFERENCES "django_content_type" ("id") DEFERRABLE INITIALLY DEFERRED, "base_content_type_id" integer NOT NULL REFERENCES "django_content_type" ("id") DEFERRABLE INITIALLY DEFERRED, "object_str" text NOT NULL);
INSERT INTO wagtailcore_revision VALUES(1,0,'2023-11-22 16:44:28.576449',NULL,1,'{"pk": 4, "path": "000100010001", "depth": 3, "numchild": 0, "translation_key": "45f93f64-6685-42a5-bbb4-fc98bfa6d315", "locale": 1, "latest_revision": null, "live": true, "has_unpublished_changes": false, "first_published_at": null, "last_published_at": null, "live_revision": null, "go_live_at": null, "expire_at": null, "expired": false, "locked": false, "locked_at": null, "locked_by": null, "title": "Home", "draft_title": "Home", "slug": "home", "content_type": 4, "url_path": "/home/home/", "owner": 1, "seo_title": "", "show_in_menus": false, "search_description": "", "latest_revision_created_at": null, "alias_of": null, "body": "<p data-block-key=\"uwn1h\">This is a home page </p>", "intro": "welcome to introduction to Yeshua Life", "wagtail_admin_comments": []}','4',4,1,'Home');
INSERT INTO wagtailcore_revision VALUES(2,0,'2023-11-22 16:45:24.517390',NULL,1,'{"pk": 5, "path": "000100010002", "depth": 3, "numchild": 0, "translation_key": "03c70810-aa89-442e-bad6-1ab754e7ea67", "locale": 1, "latest_revision": null, "live": true, "has_unpublished_changes": false, "first_published_at": null, "last_published_at": null, "live_revision": null, "go_live_at": null, "expire_at": null, "expired": false, "locked": false, "locked_at": null, "locked_by": null, "title": "Blog", "draft_title": "Blog", "slug": "blog", "content_type": 36, "url_path": "/home/blog/", "owner": 1, "seo_title": "", "show_in_menus": false, "search_description": "", "latest_revision_created_at": null, "alias_of": null, "intro": "This is the Introduction to the main Page", "wagtail_admin_comments": []}','5',36,1,'Blog');
INSERT INTO wagtailcore_revision VALUES(3,0,'2023-11-22 17:49:47.586036',NULL,1,'{"pk": 6, "path": "0001000100020001", "depth": 4, "numchild": 0, "translation_key": "6b49128a-64a9-4da1-8e06-ad6ee5011335", "locale": 1, "latest_revision": null, "live": true, "has_unpublished_changes": false, "first_published_at": null, "last_published_at": null, "live_revision": null, "go_live_at": null, "expire_at": null, "expired": false, "locked": false, "locked_at": null, "locked_by": null, "title": "Agriculture systems Turning   Karamoja  Dry Land Into  Food Bucket", "draft_title": "Agriculture systems Turning   Karamoja  Dry Land Into  Food Bucket", "slug": "agriculture-systems-turning-karamoja-dry-land-into-food-bucket", "content_type": 37, "url_path": "/home/blog/agriculture-systems-turning-karamoja-dry-land-into-food-bucket/", "owner": 1, "seo_title": "", "show_in_menus": false, "search_description": "", "latest_revision_created_at": null, "alias_of": null, "date": "2023-11-22", "body": "<p data-block-key=\"8zbmb\">It is a long established fact that a reader will be distracted by the readable content of a page when looking at its layout. The point of using Lorem Ipsum is that it has a more-or-less normal distribution of letters, as opposed to using &#x27;Content here, content here&#x27;, making it look like readable English. Many desktop publishing packages and web page editors now use Lorem Ipsum as their default model text, and a search for &#x27;lorem ipsum&#x27; will uncover many web sites still in their infancy. Various versions have evolved over the years, sometimes by accident, sometimes on purpose (injected humour and the like).</p>", "intro": "It is a long established fact that a reader will be distracted by the readable content of a page when looking at its layout.", "image": 1, "caption": "", "body_content": "[{\"type\": \"section\", \"value\": {\"images\": [{\"type\": \"item\", \"value\": 6, \"id\": \"54063a85-0c4c-4b4f-a599-c5821c94217f\"}, {\"type\": \"item\", \"value\": 2, \"id\": \"bf6ed66f-7f2c-4a48-bf3d-f1182f0a8bff\"}, {\"type\": \"item\", \"value\": 3, \"id\": \"5e9e4099-ce35-4748-96dc-afcec235c3cf\"}, {\"type\": \"item\", \"value\": 2, \"id\": \"3d310bbc-7145-46f5-a9d7-642377f9b2b5\"}], \"videos\": [{\"type\": \"item\", \"value\": {\"video_url\": \"\", \"caption\": \"\"}, \"id\": \"8d9b789b-3eaf-4075-b449-f2976f7207c3\"}], \"caption\": \"Growing Food in Karamoja  land\"}, \"id\": \"1b7c07b0-efe0-40ba-8642-376e008841ce\"}]", "wagtail_admin_comments": []}','6',37,1,'Agriculture systems Turning   Karamoja  Dry Land Into  Food Bucket');
INSERT INTO wagtailcore_revision VALUES(4,0,'2023-11-22 17:51:55.434673',NULL,1,'{"pk": 6, "path": "0001000100020001", "depth": 4, "numchild": 0, "translation_key": "6b49128a-64a9-4da1-8e06-ad6ee5011335", "locale": 1, "latest_revision": 3, "live": true, "has_unpublished_changes": false, "first_published_at": "2023-11-22T17:49:47.598Z", "last_published_at": "2023-11-22T17:49:47.598Z", "live_revision": 3, "go_live_at": null, "expire_at": null, "expired": false, "locked": false, "locked_at": null, "locked_by": null, "title": "Agriculture systems Turning   Karamoja  Dry Land Into  Food Bucket", "draft_title": "Agriculture systems Turning   Karamoja  Dry Land Into  Food Bucket", "slug": "agriculture-systems-turning-karamoja-dry-land-into-food-bucket", "content_type": 37, "url_path": "/home/blog/agriculture-systems-turning-karamoja-dry-land-into-food-bucket/", "owner": 1, "seo_title": "", "show_in_menus": false, "search_description": "", "latest_revision_created_at": "2023-11-22T17:49:47.586Z", "alias_of": null, "date": "2023-11-22", "body": "<p data-block-key=\"8zbmb\">It is a long established fact that a reader will be distracted by the readable content of a page when looking at its layout. The point of using Lorem Ipsum is that it has a more-or-less normal distribution of letters, as opposed to using &#x27;Content here, content here&#x27;, making it look like readable English. Many desktop publishing packages and web page editors now use Lorem Ipsum as their default model text, and a search for &#x27;lorem ipsum&#x27; will uncover many web sites still in their infancy. Various versions have evolved over the years, sometimes by accident, sometimes on purpose (injected humour and the like).</p>", "intro": "Karamoja can feed Africa", "image": 1, "caption": "", "body_content": "[{\"type\": \"section\", \"value\": {\"images\": [{\"type\": \"item\", \"value\": 6, \"id\": \"54063a85-0c4c-4b4f-a599-c5821c94217f\"}, {\"type\": \"item\", \"value\": 2, \"id\": \"bf6ed66f-7f2c-4a48-bf3d-f1182f0a8bff\"}, {\"type\": \"item\", \"value\": 3, \"id\": \"5e9e4099-ce35-4748-96dc-afcec235c3cf\"}, {\"type\": \"item\", \"value\": 2, \"id\": \"3d310bbc-7145-46f5-a9d7-642377f9b2b5\"}], \"videos\": [{\"type\": \"item\", \"value\": {\"video_url\": \"\", \"caption\": \"\"}, \"id\": \"8d9b789b-3eaf-4075-b449-f2976f7207c3\"}], \"caption\": \"Growing Food in Karamoja  land\"}, \"id\": \"1b7c07b0-efe0-40ba-8642-376e008841ce\"}]", "wagtail_admin_comments": []}','6',37,1,'Agriculture systems Turning   Karamoja  Dry Land Into  Food Bucket');
INSERT INTO wagtailcore_revision VALUES(8,0,'2023-11-23 10:08:35.055295',NULL,1,'{"pk": 6, "path": "0001000100020001", "depth": 4, "numchild": 0, "translation_key": "6b49128a-64a9-4da1-8e06-ad6ee5011335", "locale": 1, "latest_revision": 4, "live": true, "has_unpublished_changes": false, "first_published_at": "2023-11-22T17:49:47.598Z", "last_published_at": "2023-11-22T17:51:55.447Z", "live_revision": 4, "go_live_at": null, "expire_at": null, "expired": false, "locked": false, "locked_at": null, "locked_by": null, "title": "Agriculture systems Turning   Karamoja  Dry Land Into  Food Bucket", "draft_title": "Agriculture systems Turning   Karamoja  Dry Land Into  Food Bucket", "slug": "agriculture-systems-turning-karamoja-dry-land-into-food-bucket", "content_type": 37, "url_path": "/home/blog/agriculture-systems-turning-karamoja-dry-land-into-food-bucket/", "owner": 1, "seo_title": "", "show_in_menus": false, "search_description": "", "latest_revision_created_at": "2023-11-22T17:51:55.434Z", "alias_of": null, "date": "2023-11-22", "body": "<p data-block-key=\"8zbmb\">It is a long established fact that a reader will be distracted by the readable content of a page when looking at its layout. The point of using Lorem Ipsum is that it has a more-or-less normal distribution of letters, as opposed to using &#x27;Content here, content here&#x27;, making it look like readable English. Many desktop publishing packages and web page editors now use Lorem Ipsum as their default model text, and a search for &#x27;lorem ipsum&#x27; will uncover many web sites still in their infancy. Various versions have evolved over the years, sometimes by accident, sometimes on purpose (injected humour and the like).</p>", "intro": "Karamoja can feed Africa", "image": 1, "caption": "", "body_content": "[{\"type\": \"section\", \"value\": {\"images\": [{\"type\": \"item\", \"value\": 6, \"id\": \"54063a85-0c4c-4b4f-a599-c5821c94217f\"}, {\"type\": \"item\", \"value\": 2, \"id\": \"bf6ed66f-7f2c-4a48-bf3d-f1182f0a8bff\"}, {\"type\": \"item\", \"value\": 3, \"id\": \"5e9e4099-ce35-4748-96dc-afcec235c3cf\"}, {\"type\": \"item\", \"value\": 2, \"id\": \"3d310bbc-7145-46f5-a9d7-642377f9b2b5\"}], \"videos\": [{\"type\": \"item\", \"value\": {\"video_url\": \"https://youtu.be/LArV6sJ370U\", \"caption\": \"Sowing Hope: Battling Karamoja Hunger Through Plowing\"}, \"id\": \"8d9b789b-3eaf-4075-b449-f2976f7207c3\"}]}, \"id\": \"1b7c07b0-efe0-40ba-8642-376e008841ce\"}]", "wagtail_admin_comments": []}','6',37,1,'Agriculture systems Turning   Karamoja  Dry Land Into  Food Bucket');
INSERT INTO wagtailcore_revision VALUES(9,0,'2023-11-23 11:12:29.107305',NULL,1,'{"pk": 6, "path": "0001000100020001", "depth": 4, "numchild": 0, "translation_key": "6b49128a-64a9-4da1-8e06-ad6ee5011335", "locale": 1, "latest_revision": 8, "live": true, "has_unpublished_changes": false, "first_published_at": "2023-11-22T17:49:47.598Z", "last_published_at": "2023-11-23T10:08:35.069Z", "live_revision": 8, "go_live_at": null, "expire_at": null, "expired": false, "locked": false, "locked_at": null, "locked_by": null, "title": "Agriculture systems Turning   Karamoja  Dry Land Into  Food Bucket", "draft_title": "Agriculture systems Turning   Karamoja  Dry Land Into  Food Bucket", "slug": "agriculture-systems-turning-karamoja-dry-land-into-food-bucket", "content_type": 37, "url_path": "/home/blog/agriculture-systems-turning-karamoja-dry-land-into-food-bucket/", "owner": 1, "seo_title": "", "show_in_menus": false, "search_description": "", "latest_revision_created_at": "2023-11-23T10:08:35.055Z", "alias_of": null, "date": "2023-11-22", "body": "<p data-block-key=\"8zbmb\">It is a long established fact that a reader will be distracted by the readable content of a page when looking at its layout. The point of using Lorem Ipsum is that it has a more-or-less normal distribution of letters, as opposed to using &#x27;Content here, content here&#x27;, making it look like readable English. Many desktop publishing packages and web page editors now use Lorem Ipsum as their default model text, and a search for &#x27;lorem ipsum&#x27; will uncover many web sites still in their infancy. Various versions have evolved over the years, sometimes by accident, sometimes on purpose (injected humour and the like).</p>", "intro": "Karamoja can feed Africa", "image": 1, "caption": "", "body_content": "[{\"type\": \"section\", \"value\": {\"images\": [{\"type\": \"item\", \"value\": 6, \"id\": \"54063a85-0c4c-4b4f-a599-c5821c94217f\"}, {\"type\": \"item\", \"value\": 2, \"id\": \"bf6ed66f-7f2c-4a48-bf3d-f1182f0a8bff\"}, {\"type\": \"item\", \"value\": 3, \"id\": \"5e9e4099-ce35-4748-96dc-afcec235c3cf\"}, {\"type\": \"item\", \"value\": 2, \"id\": \"3d310bbc-7145-46f5-a9d7-642377f9b2b5\"}], \"videos\": [{\"type\": \"item\", \"value\": {\"video_url\": \"https://youtu.be/LArV6sJ370U\", \"caption\": \"Sowing Hope: Battling Karamoja Hunger Through Plowing\"}, \"id\": \"8d9b789b-3eaf-4075-b449-f2976f7207c3\"}, {\"type\": \"item\", \"value\": {\"video_url\": \"https://youtu.be/dZnVVZ6zq9g\", \"caption\": \"The focus on Karamoja by Yeshualife  extends beyond mere cultivation, emphasizing community engagement and empowerment\"}, \"id\": \"80da5d8c-ebf5-4d10-9c2a-9dfcfacf3d7c\"}]}, \"id\": \"1b7c07b0-efe0-40ba-8642-376e008841ce\"}]", "wagtail_admin_comments": []}','6',37,1,'Agriculture systems Turning   Karamoja  Dry Land Into  Food Bucket');
INSERT INTO wagtailcore_revision VALUES(10,0,'2023-11-23 11:36:56.981164',NULL,1,'{"pk": 6, "path": "0001000100020001", "depth": 4, "numchild": 0, "translation_key": "6b49128a-64a9-4da1-8e06-ad6ee5011335", "locale": 1, "latest_revision": 9, "live": true, "has_unpublished_changes": false, "first_published_at": "2023-11-22T17:49:47.598Z", "last_published_at": "2023-11-23T11:12:29.125Z", "live_revision": 9, "go_live_at": null, "expire_at": null, "expired": false, "locked": false, "locked_at": null, "locked_by": null, "title": "Agriculture systems Turning   Karamoja  Dry Land Into  Food Bucket", "draft_title": "Agriculture systems Turning   Karamoja  Dry Land Into  Food Bucket", "slug": "agriculture-systems-turning-karamoja-dry-land-into-food-bucket", "content_type": 37, "url_path": "/home/blog/agriculture-systems-turning-karamoja-dry-land-into-food-bucket/", "owner": 1, "seo_title": "", "show_in_menus": false, "search_description": "", "latest_revision_created_at": "2023-11-23T11:12:29.107Z", "alias_of": null, "date": "2023-11-22", "body": "<p data-block-key=\"8zbmb\">It is a long established fact that a reader will be distracted by the readable content of a page when looking at its layout. The point of using Lorem Ipsum is that it has a more-or-less normal distribution of letters, as opposed to using &#x27;Content here, content here&#x27;, making it look like readable English. Many desktop publishing packages and web page editors now use Lorem Ipsum as their default model text, and a search for &#x27;lorem ipsum&#x27; will uncover many web sites still in their infancy. Various versions have evolved over the years, sometimes by accident, sometimes on purpose (injected humour and the like).</p>", "intro": "Karamoja can feed Africa", "image": 1, "caption": "", "body_content": "[{\"type\": \"section\", \"value\": {\"images\": [{\"type\": \"item\", \"value\": 6, \"id\": \"54063a85-0c4c-4b4f-a599-c5821c94217f\"}, {\"type\": \"item\", \"value\": 2, \"id\": \"bf6ed66f-7f2c-4a48-bf3d-f1182f0a8bff\"}, {\"type\": \"item\", \"value\": 3, \"id\": \"5e9e4099-ce35-4748-96dc-afcec235c3cf\"}, {\"type\": \"item\", \"value\": 2, \"id\": \"3d310bbc-7145-46f5-a9d7-642377f9b2b5\"}], \"videos\": [{\"type\": \"item\", \"value\": {\"video_url\": \"https://youtu.be/LArV6sJ370U\", \"caption\": \"Sowing Hope: Battling Karamoja Hunger Through Plowing\"}, \"id\": \"8d9b789b-3eaf-4075-b449-f2976f7207c3\"}, {\"type\": \"item\", \"value\": {\"video_url\": \"https://youtu.be/dZnVVZ6zq9g\", \"caption\": \"The focus on Karamoja by Yeshualife  extends beyond mere cultivation, emphasizing community engagement and empowerment\"}, \"id\": \"80da5d8c-ebf5-4d10-9c2a-9dfcfacf3d7c\"}, {\"type\": \"item\", \"value\": {\"video_url\": \"https://youtu.be/GWRnJr-JlcY\", \"caption\": \"This project aims to combat hunger by strategically planting maize, a staple crop that symbolizes sustenance and abundance\"}, \"id\": \"a23276e8-d5c9-495d-bdeb-b1fe8bc0735b\"}]}, \"id\": \"1b7c07b0-efe0-40ba-8642-376e008841ce\"}]", "wagtail_admin_comments": []}','6',37,1,'Agriculture systems Turning   Karamoja  Dry Land Into  Food Bucket');
INSERT INTO wagtailcore_revision VALUES(11,0,'2023-11-23 11:37:44.370219',NULL,1,'{"pk": 6, "path": "0001000100020001", "depth": 4, "numchild": 0, "translation_key": "6b49128a-64a9-4da1-8e06-ad6ee5011335", "locale": 1, "latest_revision": 10, "live": true, "has_unpublished_changes": false, "first_published_at": "2023-11-22T17:49:47.598Z", "last_published_at": "2023-11-23T11:36:57.007Z", "live_revision": 10, "go_live_at": null, "expire_at": null, "expired": false, "locked": false, "locked_at": null, "locked_by": null, "title": "Agriculture systems Turning   Karamoja  Dry Land Into  Food Bucket", "draft_title": "Agriculture systems Turning   Karamoja  Dry Land Into  Food Bucket", "slug": "agriculture-systems-turning-karamoja-dry-land-into-food-bucket", "content_type": 37, "url_path": "/home/blog/agriculture-systems-turning-karamoja-dry-land-into-food-bucket/", "owner": 1, "seo_title": "", "show_in_menus": false, "search_description": "", "latest_revision_created_at": "2023-11-23T11:36:56.981Z", "alias_of": null, "date": "2023-11-22", "body": "<p data-block-key=\"8zbmb\">It is a long established fact that a reader will be distracted by the readable content of a page when looking at its layout. The point of using Lorem Ipsum is that it has a more-or-less normal distribution of letters, as opposed to using &#x27;Content here, content here&#x27;, making it look like readable English. Many desktop publishing packages and web page editors now use Lorem Ipsum as their default model text, and a search for &#x27;lorem ipsum&#x27; will uncover many web sites still in their infancy. Various versions have evolved over the years, sometimes by accident, sometimes on purpose (injected humour and the like).</p>", "intro": "Karamoja can feed Africa", "image": 1, "caption": "", "body_content": "[{\"type\": \"section\", \"value\": {\"images\": [{\"type\": \"item\", \"value\": 6, \"id\": \"54063a85-0c4c-4b4f-a599-c5821c94217f\"}, {\"type\": \"item\", \"value\": 2, \"id\": \"bf6ed66f-7f2c-4a48-bf3d-f1182f0a8bff\"}, {\"type\": \"item\", \"value\": 3, \"id\": \"5e9e4099-ce35-4748-96dc-afcec235c3cf\"}, {\"type\": \"item\", \"value\": 2, \"id\": \"3d310bbc-7145-46f5-a9d7-642377f9b2b5\"}], \"videos\": [{\"type\": \"item\", \"value\": {\"video_url\": \"https://youtu.be/LArV6sJ370U\", \"caption\": \"Sowing Hope: Battling Karamoja Hunger Through Plowing\"}, \"id\": \"8d9b789b-3eaf-4075-b449-f2976f7207c3\"}, {\"type\": \"item\", \"value\": {\"video_url\": \"https://youtu.be/dZnVVZ6zq9g\", \"caption\": \"The focus on Karamoja by Yeshualife  extends beyond mere cultivation, emphasizing community engagement and empowerment\"}, \"id\": \"80da5d8c-ebf5-4d10-9c2a-9dfcfacf3d7c\"}, {\"type\": \"item\", \"value\": {\"video_url\": \"https://youtu.be/GWRnJr-JlcY\", \"caption\": \"This project aims to combat hunger by strategically planting maize, a staple crop that symbolizes sustenance and abundance\"}, \"id\": \"a23276e8-d5c9-495d-bdeb-b1fe8bc0735b\"}]}, \"id\": \"1b7c07b0-efe0-40ba-8642-376e008841ce\"}]", "wagtail_admin_comments": []}','6',37,1,'Agriculture systems Turning   Karamoja  Dry Land Into  Food Bucket');
INSERT INTO wagtailcore_revision VALUES(12,0,'2023-11-23 13:48:32.764681',NULL,1,'{"pk": 6, "path": "0001000100020001", "depth": 4, "numchild": 0, "translation_key": "6b49128a-64a9-4da1-8e06-ad6ee5011335", "locale": 1, "latest_revision": 11, "live": true, "has_unpublished_changes": false, "first_published_at": "2023-11-22T17:49:47.598Z", "last_published_at": "2023-11-23T11:37:44.380Z", "live_revision": 11, "go_live_at": null, "expire_at": null, "expired": false, "locked": false, "locked_at": null, "locked_by": null, "title": "Agriculture systems Turning   Karamoja  Dry Land Into  Food Bucket", "draft_title": "Agriculture systems Turning   Karamoja  Dry Land Into  Food Bucket", "slug": "agriculture-systems-turning-karamoja-dry-land-into-food-bucket", "content_type": 37, "url_path": "/home/blog/agriculture-systems-turning-karamoja-dry-land-into-food-bucket/", "owner": 1, "seo_title": "", "show_in_menus": false, "search_description": "", "latest_revision_created_at": "2023-11-23T11:37:44.370Z", "alias_of": null, "date": "2023-11-22", "body": "<p data-block-key=\"8zbmb\">It is a long established fact that a reader will be distracted by the readable content of a page when looking at its layout. The point of using Lorem Ipsum is that it has a more-or-less normal distribution of letters, as opposed to using &#x27;Content here, content here&#x27;, making it look like readable English. Many desktop publishing packages and web page editors now use Lorem Ipsum as their default model text, and a search for &#x27;lorem ipsum&#x27; will uncover many web sites still in their infancy. Various versions have evolved over the years, sometimes by accident, sometimes on purpose (injected humour and the like).</p>", "intro": "Karamoja can feed Africa", "image": 1, "caption": "", "body_content": "[{\"type\": \"section\", \"value\": {\"images\": [{\"type\": \"item\", \"value\": 6, \"id\": \"54063a85-0c4c-4b4f-a599-c5821c94217f\"}, {\"type\": \"item\", \"value\": 2, \"id\": \"bf6ed66f-7f2c-4a48-bf3d-f1182f0a8bff\"}, {\"type\": \"item\", \"value\": 3, \"id\": \"5e9e4099-ce35-4748-96dc-afcec235c3cf\"}, {\"type\": \"item\", \"value\": 2, \"id\": \"3d310bbc-7145-46f5-a9d7-642377f9b2b5\"}], \"videos\": [{\"type\": \"item\", \"value\": {\"video_url\": \"https://www.youtube.com/embed/LArV6sJ370U\", \"caption\": \"Sowing Hope: Battling Karamoja Hunger Through Plowing\"}, \"id\": \"8d9b789b-3eaf-4075-b449-f2976f7207c3\"}, {\"type\": \"item\", \"value\": {\"video_url\": \"https://www.youtube.com/embed/dZnVVZ6zq9g\", \"caption\": \"The focus on Karamoja by Yeshualife  extends beyond mere cultivation, emphasizing community engagement and empowerment\"}, \"id\": \"80da5d8c-ebf5-4d10-9c2a-9dfcfacf3d7c\"}, {\"type\": \"item\", \"value\": {\"video_url\": \"https://www.youtube.com/embed/GWRnJr-JlcY\", \"caption\": \"This project aims to combat hunger by strategically planting maize, a staple crop that symbolizes sustenance and abundance\"}, \"id\": \"a23276e8-d5c9-495d-bdeb-b1fe8bc0735b\"}]}, \"id\": \"1b7c07b0-efe0-40ba-8642-376e008841ce\"}]", "wagtail_admin_comments": []}','6',37,1,'Agriculture systems Turning   Karamoja  Dry Land Into  Food Bucket');
INSERT INTO wagtailcore_revision VALUES(13,0,'2023-11-23 13:51:49.129213',NULL,1,'{"pk": 6, "path": "0001000100020001", "depth": 4, "numchild": 0, "translation_key": "6b49128a-64a9-4da1-8e06-ad6ee5011335", "locale": 1, "latest_revision": 12, "live": true, "has_unpublished_changes": false, "first_published_at": "2023-11-22T17:49:47.598Z", "last_published_at": "2023-11-23T13:48:32.782Z", "live_revision": 12, "go_live_at": null, "expire_at": null, "expired": false, "locked": false, "locked_at": null, "locked_by": null, "title": "Agriculture systems Turning   Karamoja  Dry Land Into  Food Bucket", "draft_title": "Agriculture systems Turning   Karamoja  Dry Land Into  Food Bucket", "slug": "agriculture-systems-turning-karamoja-dry-land-into-food-bucket", "content_type": 37, "url_path": "/home/blog/agriculture-systems-turning-karamoja-dry-land-into-food-bucket/", "owner": 1, "seo_title": "", "show_in_menus": false, "search_description": "", "latest_revision_created_at": "2023-11-23T13:48:32.764Z", "alias_of": null, "date": "2023-11-22", "body": "<p data-block-key=\"8zbmb\">It is a long established fact that a reader will be distracted by the readable content of a page when looking at its layout. The point of using Lorem Ipsum is that it has a more-or-less normal distribution of letters, as opposed to using &#x27;Content here, content here&#x27;, making it look like readable English. Many desktop publishing packages and web page editors now use Lorem Ipsum as their default model text, and a search for &#x27;lorem ipsum&#x27; will uncover many web sites still in their infancy. Various versions have evolved over the years, sometimes by accident, sometimes on purpose (injected humour and the like).</p>", "intro": "Karamoja can feed Africa", "image": 1, "caption": "", "body_content": "[{\"type\": \"section\", \"value\": {\"images\": [{\"type\": \"item\", \"value\": 6, \"id\": \"54063a85-0c4c-4b4f-a599-c5821c94217f\"}, {\"type\": \"item\", \"value\": 2, \"id\": \"bf6ed66f-7f2c-4a48-bf3d-f1182f0a8bff\"}, {\"type\": \"item\", \"value\": 3, \"id\": \"5e9e4099-ce35-4748-96dc-afcec235c3cf\"}, {\"type\": \"item\", \"value\": 2, \"id\": \"3d310bbc-7145-46f5-a9d7-642377f9b2b5\"}], \"videos\": [{\"type\": \"item\", \"value\": {\"video_url\": \"https://www.youtube.com/embed/LArV6sJ370U\", \"caption\": \"Sowing Hope: Battling Karamoja Hunger Through Plowing\"}, \"id\": \"8d9b789b-3eaf-4075-b449-f2976f7207c3\"}, {\"type\": \"item\", \"value\": {\"video_url\": \"https://www.youtube.com/embed/dZnVVZ6zq9g\", \"caption\": \"The focus on Karamoja by Yeshualife  extends beyond mere cultivation, emphasizing community engagement and empowerment\"}, \"id\": \"80da5d8c-ebf5-4d10-9c2a-9dfcfacf3d7c\"}, {\"type\": \"item\", \"value\": {\"video_url\": \"https://www.youtube.com/embed/Zd_X0NrRk_Q\", \"caption\": \"Empowering Karamoja  with Combine Harvesters to Combat Hunger and Foster Sustainable Food Security.\"}, \"id\": \"5716a216-0e32-420c-b2de-855485b584ab\"}, {\"type\": \"item\", \"value\": {\"video_url\": \"https://www.youtube.com/embed/GWRnJr-JlcY\", \"caption\": \"This project aims to combat hunger by strategically planting maize, a staple crop that symbolizes sustenance and abundance\"}, \"id\": \"a23276e8-d5c9-495d-bdeb-b1fe8bc0735b\"}]}, \"id\": \"1b7c07b0-efe0-40ba-8642-376e008841ce\"}]", "wagtail_admin_comments": []}','6',37,1,'Agriculture systems Turning   Karamoja  Dry Land Into  Food Bucket');
INSERT INTO wagtailcore_revision VALUES(14,0,'2023-11-23 14:01:22.452401',NULL,1,'{"pk": 5, "path": "000100010002", "depth": 3, "numchild": 2, "translation_key": "03c70810-aa89-442e-bad6-1ab754e7ea67", "locale": 1, "latest_revision": 2, "live": true, "has_unpublished_changes": false, "first_published_at": "2023-11-22T16:45:24.531Z", "last_published_at": "2023-11-22T16:45:24.531Z", "live_revision": 2, "go_live_at": null, "expire_at": null, "expired": false, "locked": false, "locked_at": null, "locked_by": null, "title": "Blog", "draft_title": "Blog", "slug": "blog", "content_type": 36, "url_path": "/home/blog/", "owner": 1, "seo_title": "", "show_in_menus": false, "search_description": "", "latest_revision_created_at": "2023-11-22T16:45:24.517Z", "alias_of": null, "intro": "Karamoja can feed Africa", "wagtail_admin_comments": []}','5',36,1,'Blog');
INSERT INTO wagtailcore_revision VALUES(17,0,'2023-11-23 16:41:57.012218',NULL,1,'{"pk": 9, "path": "000100010003", "depth": 3, "numchild": 0, "translation_key": "c832702d-4a5d-459e-9944-63e5389c788d", "locale": 1, "latest_revision": null, "live": true, "has_unpublished_changes": false, "first_published_at": null, "last_published_at": null, "live_revision": null, "go_live_at": null, "expire_at": null, "expired": false, "locked": false, "locked_at": null, "locked_by": null, "title": "Karamoja", "draft_title": "Karamoja", "slug": "karamoja", "content_type": 57, "url_path": "/home/karamoja/", "owner": 1, "seo_title": "", "show_in_menus": false, "search_description": "", "latest_revision_created_at": null, "alias_of": null, "intro": "this is an Introduction page here", "body": "<p data-block-key=\"8m9ph\">Here are some Details to present</p>", "wagtail_admin_comments": []}','9',57,1,'Karamoja');
INSERT INTO wagtailcore_revision VALUES(18,0,'2023-11-23 19:18:19.855713',NULL,1,'{"pk": 10, "path": "0001000100030001", "depth": 4, "numchild": 0, "translation_key": "bb8ddb74-803a-4d0d-bf64-1ef711c12168", "locale": 1, "latest_revision": null, "live": true, "has_unpublished_changes": false, "first_published_at": null, "last_published_at": null, "live_revision": null, "go_live_at": null, "expire_at": null, "expired": false, "locked": false, "locked_at": null, "locked_by": null, "title": "Unveiling the Causes, Cultivating Solutions for a Nourished and Climate-Resilient in Karamoja", "draft_title": "Unveiling the Causes, Cultivating Solutions for a Nourished and Climate-Resilient in Karamoja", "slug": "unveiling-the-causes-cultivating-solutions-for-a-nourished-and-climate-resilient-in-karamoja", "content_type": 58, "url_path": "/home/karamoja/unveiling-the-causes-cultivating-solutions-for-a-nourished-and-climate-resilient-in-karamoja/", "owner": 1, "seo_title": "", "show_in_menus": false, "search_description": "", "latest_revision_created_at": null, "alias_of": null, "date": "2023-11-23", "body": "<h2 data-block-key=\"yvu6m\"><b>Transforming Adversity into Abundance in Area A through Sustainable Solutions for Hunger Alleviation.</b></h2><p data-block-key=\"1j7fm\"></p><p data-block-key=\"55q2q\">Unveiling the Causes, Cultivating Solutions for a Nourished and Climate-Resilient in Karamoja delves into the intricate web of challenges contributing to hunger in a local community. This initiative seeks to expose the underlying causes, focusing on the impact of climate and land conditions.</p><p data-block-key=\"adud5\"></p><embed alt=\"\" embedtype=\"image\" format=\"right\" id=\"11\"/><p data-block-key=\"c2dbg\"></p><p data-block-key=\"6sb1j\"> Through an in-depth exploration, it aims to cultivate sustainable solutions, addressing the root issues and fostering resilience. By understanding the unique challenges faced by Karamoja, the Yeshua life  project aspires to sow the seeds of change, cultivating a future where the community not only overcomes immediate hunger but thrives in the face of environmental adversities, creating a lasting impact on local well-being</p>", "intro": "This initiative seeks to expose the underlying causes, focusing on the impact of climate and land conditions.", "image": 9, "caption": "Transforming Adversity into Abundance in Area A through Sustainable Solutions for Hunger Alleviation", "carousel": "[]", "body_content": "[{\"type\": \"section\", \"value\": {\"images\": [{\"type\": \"item\", \"value\": {\"image\": 12, \"title\": \"Illuminating the Persistent Battle Against Hunger in the Heart of Karamajongs Resilience.\", \"caption\": \"Silent Struggles\"}, \"id\": \"6369755a-024c-425d-adee-c502d8044ced\"}, {\"type\": \"item\", \"value\": {\"image\": 13, \"title\": \"Battling Hunger-Induced Weakness, Cultivating Strength in the Heart of Resilient in Karamoja.\", \"caption\": \"Battling Hunger-Induced Weakness\"}, \"id\": \"e42be58a-a6f4-49bd-94d5-ce23ca954002\"}], \"videos\": [{\"type\": \"item\", \"value\": {\"video_url\": \"\", \"title\": \"\", \"caption\": \"\"}, \"id\": \"aed8b7b4-f21a-457e-a156-a7dfb38c33df\"}]}, \"id\": \"0c6b465d-f570-4a59-a277-3bbcdd49f99d\"}]", "wagtail_admin_comments": []}','10',58,1,'Unveiling the Causes, Cultivating Solutions for a Nourished and Climate-Resilient in Karamoja');
INSERT INTO wagtailcore_revision VALUES(19,0,'2023-11-23 19:28:01.551919',NULL,1,'{"pk": 10, "path": "0001000100030001", "depth": 4, "numchild": 0, "translation_key": "bb8ddb74-803a-4d0d-bf64-1ef711c12168", "locale": 1, "latest_revision": 18, "live": true, "has_unpublished_changes": false, "first_published_at": "2023-11-23T19:18:19.864Z", "last_published_at": "2023-11-23T19:18:19.864Z", "live_revision": 18, "go_live_at": null, "expire_at": null, "expired": false, "locked": false, "locked_at": null, "locked_by": null, "title": "Unveiling the Causes, Cultivating Solutions for a Nourished and Climate-Resilient in Karamoja", "draft_title": "Unveiling the Causes, Cultivating Solutions for a Nourished and Climate-Resilient in Karamoja", "slug": "unveiling-the-causes-cultivating-solutions-for-a-nourished-and-climate-resilient-in-karamoja", "content_type": 58, "url_path": "/home/karamoja/unveiling-the-causes-cultivating-solutions-for-a-nourished-and-climate-resilient-in-karamoja/", "owner": 1, "seo_title": "", "show_in_menus": false, "search_description": "", "latest_revision_created_at": "2023-11-23T19:18:19.855Z", "alias_of": null, "date": "2023-11-23", "body": "<h2 data-block-key=\"yvu6m\"><b>Transforming Adversity into Abundance in Area A through Sustainable Solutions for Hunger Alleviation.</b></h2><p data-block-key=\"1j7fm\"></p><p data-block-key=\"55q2q\">Unveiling the Causes, Cultivating Solutions for a Nourished and Climate-Resilient in Karamoja delves into the intricate web of challenges contributing to hunger in a local community. This initiative seeks to expose the underlying causes, focusing on the impact of climate and land conditions.</p><p data-block-key=\"adud5\"></p><embed alt=\"\" embedtype=\"image\" format=\"right\" id=\"11\"/><p data-block-key=\"c2dbg\"></p><p data-block-key=\"6sb1j\">Through an in-depth exploration, it aims to cultivate sustainable solutions, addressing the root issues and fostering resilience. By understanding the unique challenges faced by Karamoja, the Yeshua life project aspires to sow the seeds of change, cultivating a future where the community not only overcomes immediate hunger but thrives in the face of environmental adversities, creating a lasting impact on local well-being</p>", "intro": "This initiative seeks to expose the underlying causes, focusing on the impact of climate and land conditions.", "image": 9, "caption": "Transforming Adversity into Abundance in Area A through Sustainable Solutions for Hunger Alleviation", "carousel": "[]", "body_content": "[{\"type\": \"section\", \"value\": {\"images\": [{\"type\": \"item\", \"value\": {\"image\": 12, \"title\": \"Illuminating the Persistent Battle Against Hunger in the Heart of Karamajongs Resilience.\", \"caption\": \"Silent Struggles\"}, \"id\": \"6369755a-024c-425d-adee-c502d8044ced\"}, {\"type\": \"item\", \"value\": {\"image\": 13, \"title\": \"Battling Hunger-Induced Weakness, Cultivating Strength in the Heart of Resilient in Karamoja.\", \"caption\": \"Battling Hunger-Induced Weakness\"}, \"id\": \"e42be58a-a6f4-49bd-94d5-ce23ca954002\"}, {\"type\": \"item\", \"value\": {\"image\": 14, \"title\": \"Tracing the Lethal Path from Hunger to the Brink of Survival in Struggling Karamoja region.\\\"\", \"caption\": \"Desperation''s Toll\"}, \"id\": \"2d9d20c6-ecca-44fb-95c2-4ceda5211a26\"}], \"videos\": [{\"type\": \"item\", \"value\": {\"video_url\": \"\", \"title\": \"\", \"caption\": \"\"}, \"id\": \"aed8b7b4-f21a-457e-a156-a7dfb38c33df\"}]}, \"id\": \"0c6b465d-f570-4a59-a277-3bbcdd49f99d\"}]", "wagtail_admin_comments": []}','10',58,1,'Unveiling the Causes, Cultivating Solutions for a Nourished and Climate-Resilient in Karamoja');
INSERT INTO wagtailcore_revision VALUES(20,0,'2023-11-24 04:45:42.815059',NULL,1,'{"pk": 6, "path": "0001000100020001", "depth": 4, "numchild": 0, "translation_key": "6b49128a-64a9-4da1-8e06-ad6ee5011335", "locale": 1, "latest_revision": 13, "live": true, "has_unpublished_changes": false, "first_published_at": "2023-11-22T17:49:47.598Z", "last_published_at": "2023-11-23T13:51:49.143Z", "live_revision": 13, "go_live_at": null, "expire_at": null, "expired": false, "locked": false, "locked_at": null, "locked_by": null, "title": "Agriculture systems Turning   Karamoja  Dry Land Into  Food Bucket", "draft_title": "Agriculture systems Turning   Karamoja  Dry Land Into  Food Bucket", "slug": "agriculture-systems-turning-karamoja-dry-land-into-food-bucket", "content_type": 37, "url_path": "/home/blog/agriculture-systems-turning-karamoja-dry-land-into-food-bucket/", "owner": 1, "seo_title": "", "show_in_menus": false, "search_description": "", "latest_revision_created_at": "2023-11-23T13:51:49.129Z", "alias_of": null, "date": "2023-11-22", "body": "<p data-block-key=\"8zbmb\">It is a long established fact that a reader will be distracted by the readable content of a page when looking at its layout. The point of using Lorem Ipsum is that it has a more-or-less normal distribution of letters, as opposed to using &#x27;Content here, content here&#x27;, making it look like readable English. Many desktop publishing packages and web page editors now use Lorem Ipsum as their default model text, and a search for &#x27;lorem ipsum&#x27; will uncover many web sites still in their infancy. Various versions have evolved over the years, sometimes by accident, sometimes on purpose (injected humour and the like).</p>", "intro": "Karamoja can feed Africa", "image": 1, "caption": "", "body_content": "[{\"type\": \"section\", \"value\": {\"images\": [{\"type\": \"item\", \"value\": {\"image\": null, \"title\": \"\", \"caption\": \"\"}, \"id\": \"54063a85-0c4c-4b4f-a599-c5821c94217f\"}, {\"type\": \"item\", \"value\": {\"image\": null, \"title\": \"\", \"caption\": \"\"}, \"id\": \"bf6ed66f-7f2c-4a48-bf3d-f1182f0a8bff\"}, {\"type\": \"item\", \"value\": {\"image\": null, \"title\": \"\", \"caption\": \"\"}, \"id\": \"5e9e4099-ce35-4748-96dc-afcec235c3cf\"}, {\"type\": \"item\", \"value\": {\"image\": null, \"title\": \"\", \"caption\": \"\"}, \"id\": \"3d310bbc-7145-46f5-a9d7-642377f9b2b5\"}], \"videos\": [{\"type\": \"item\", \"value\": {\"video_url\": \"https://www.youtube.com/embed/LArV6sJ370U\", \"caption\": \"Sowing Hope: Battling Karamoja Hunger Through Plowing\"}, \"id\": \"8d9b789b-3eaf-4075-b449-f2976f7207c3\"}, {\"type\": \"item\", \"value\": {\"video_url\": \"https://www.youtube.com/embed/dZnVVZ6zq9g\", \"caption\": \"The focus on Karamoja by Yeshualife  extends beyond mere cultivation, emphasizing community engagement and empowerment\"}, \"id\": \"80da5d8c-ebf5-4d10-9c2a-9dfcfacf3d7c\"}, {\"type\": \"item\", \"value\": {\"video_url\": \"https://www.youtube.com/embed/Zd_X0NrRk_Q\", \"caption\": \"Empowering Karamoja  with Combine Harvesters to Combat Hunger and Foster Sustainable Food Security.\"}, \"id\": \"5716a216-0e32-420c-b2de-855485b584ab\"}, {\"type\": \"item\", \"value\": {\"video_url\": \"https://www.youtube.com/embed/GWRnJr-JlcY\", \"caption\": \"This project aims to combat hunger by strategically planting maize, a staple crop that symbolizes sustenance and abundance\"}, \"id\": \"a23276e8-d5c9-495d-bdeb-b1fe8bc0735b\"}]}, \"id\": \"1b7c07b0-efe0-40ba-8642-376e008841ce\"}]", "wagtail_admin_comments": []}','6',37,1,'Agriculture systems Turning   Karamoja  Dry Land Into  Food Bucket');
INSERT INTO wagtailcore_revision VALUES(21,0,'2023-11-24 04:47:31.515095',NULL,1,'{"pk": 6, "path": "0001000100020001", "depth": 4, "numchild": 0, "translation_key": "6b49128a-64a9-4da1-8e06-ad6ee5011335", "locale": 1, "latest_revision": 20, "live": true, "has_unpublished_changes": false, "first_published_at": "2023-11-22T17:49:47.598Z", "last_published_at": "2023-11-24T04:45:42.831Z", "live_revision": 20, "go_live_at": null, "expire_at": null, "expired": false, "locked": false, "locked_at": null, "locked_by": null, "title": "Agriculture systems Turning   Karamoja  Dry Land Into  Food Bucket", "draft_title": "Agriculture systems Turning   Karamoja  Dry Land Into  Food Bucket", "slug": "agriculture-systems-turning-karamoja-dry-land-into-food-bucket", "content_type": 37, "url_path": "/home/blog/agriculture-systems-turning-karamoja-dry-land-into-food-bucket/", "owner": 1, "seo_title": "", "show_in_menus": false, "search_description": "", "latest_revision_created_at": "2023-11-24T04:45:42.815Z", "alias_of": null, "date": "2023-11-22", "body": "<p data-block-key=\"8zbmb\">It is a long established fact that a reader will be distracted by the readable content of a page when looking at its layout. The point of using Lorem Ipsum is that it has a more-or-less normal distribution of letters, as opposed to using &#x27;Content here, content here&#x27;, making it look like readable English. Many desktop publishing packages and web page editors now use Lorem Ipsum as their default model text, and a search for &#x27;lorem ipsum&#x27; will uncover many web sites still in their infancy. Various versions have evolved over the years, sometimes by accident, sometimes on purpose (injected humour and the like).</p>", "intro": "Karamoja can feed Africa", "image": 1, "caption": "", "body_content": "[{\"type\": \"section\", \"value\": {\"images\": [{\"type\": \"item\", \"value\": {\"image\": null, \"title\": \"\", \"caption\": \"\"}, \"id\": \"54063a85-0c4c-4b4f-a599-c5821c94217f\"}, {\"type\": \"item\", \"value\": {\"image\": null, \"title\": \"\", \"caption\": \"\"}, \"id\": \"bf6ed66f-7f2c-4a48-bf3d-f1182f0a8bff\"}, {\"type\": \"item\", \"value\": {\"image\": null, \"title\": \"\", \"caption\": \"\"}, \"id\": \"5e9e4099-ce35-4748-96dc-afcec235c3cf\"}, {\"type\": \"item\", \"value\": {\"image\": null, \"title\": \"\", \"caption\": \"\"}, \"id\": \"3d310bbc-7145-46f5-a9d7-642377f9b2b5\"}], \"videos\": [{\"type\": \"item\", \"value\": {\"video_url\": \"https://www.youtube.com/embed/LArV6sJ370U\", \"caption\": \"Sowing Hope: Battling Karamoja Hunger Through Plowing\"}, \"id\": \"8d9b789b-3eaf-4075-b449-f2976f7207c3\"}, {\"type\": \"item\", \"value\": {\"video_url\": \"https://www.youtube.com/embed/dZnVVZ6zq9g\", \"caption\": \"The focus on Karamoja by Yeshualife  extends beyond mere cultivation, emphasizing community engagement and empowerment\"}, \"id\": \"80da5d8c-ebf5-4d10-9c2a-9dfcfacf3d7c\"}, {\"type\": \"item\", \"value\": {\"video_url\": \"https://www.youtube.com/embed/Zd_X0NrRk_Q\", \"caption\": \"Empowering Karamoja  with Combine Harvesters to Combat Hunger and Foster Sustainable Food Security.\"}, \"id\": \"5716a216-0e32-420c-b2de-855485b584ab\"}, {\"type\": \"item\", \"value\": {\"video_url\": \"https://www.youtube.com/embed/GWRnJr-JlcY\", \"caption\": \"This project aims to combat hunger by strategically planting maize, a staple crop that symbolizes sustenance and abundance\"}, \"id\": \"a23276e8-d5c9-495d-bdeb-b1fe8bc0735b\"}]}, \"id\": \"1b7c07b0-efe0-40ba-8642-376e008841ce\"}]", "wagtail_admin_comments": []}','6',37,1,'Agriculture systems Turning   Karamoja  Dry Land Into  Food Bucket');
INSERT INTO wagtailcore_revision VALUES(22,0,'2023-11-24 05:45:38.295312',NULL,1,'{"pk": 10, "path": "0001000100030001", "depth": 4, "numchild": 0, "translation_key": "bb8ddb74-803a-4d0d-bf64-1ef711c12168", "locale": 1, "latest_revision": 19, "live": true, "has_unpublished_changes": false, "first_published_at": "2023-11-23T19:18:19.864Z", "last_published_at": "2023-11-23T19:28:01.563Z", "live_revision": 19, "go_live_at": null, "expire_at": null, "expired": false, "locked": false, "locked_at": null, "locked_by": null, "title": "Unveiling the Causes, Cultivating Solutions for a Nourished and Climate-Resilient in Karamoja", "draft_title": "Unveiling the Causes, Cultivating Solutions for a Nourished and Climate-Resilient in Karamoja", "slug": "unveiling-the-causes-cultivating-solutions-for-a-nourished-and-climate-resilient-in-karamoja", "content_type": 58, "url_path": "/home/karamoja/unveiling-the-causes-cultivating-solutions-for-a-nourished-and-climate-resilient-in-karamoja/", "owner": 1, "seo_title": "", "show_in_menus": false, "search_description": "", "latest_revision_created_at": "2023-11-23T19:28:01.551Z", "alias_of": null, "date": "2023-11-23", "body": "<h2 data-block-key=\"yvu6m\"><b>Transforming Adversity into Abundance in Area A through Sustainable Solutions for Hunger Alleviation.</b></h2><p data-block-key=\"1j7fm\"></p><p data-block-key=\"55q2q\">Unveiling the Causes, Cultivating Solutions for a Nourished and Climate-Resilient in Karamoja delves into the intricate web of challenges contributing to hunger in a local community. This initiative seeks to expose the underlying causes, focusing on the impact of climate and land conditions.</p><p data-block-key=\"adud5\"></p><embed alt=\"\" embedtype=\"image\" format=\"right\" id=\"11\"/><p data-block-key=\"c2dbg\"></p><p data-block-key=\"6sb1j\">Through an in-depth exploration, it aims to cultivate sustainable solutions, addressing the root issues and fostering resilience. By understanding the unique challenges faced by Karamoja, the Yeshua life project aspires to sow the seeds of change, cultivating a future where the community not only overcomes immediate hunger but thrives in the face of environmental adversities, creating a lasting impact on local well-being</p>", "intro": "This initiative seeks to expose the underlying causes, focusing on the impact of climate and land conditions.", "image": 9, "caption": "Transforming Adversity into Abundance in Area A through Sustainable Solutions for Hunger Alleviation", "carousel": "[]", "body_content": "[{\"type\": \"section\", \"value\": {\"images\": [{\"type\": \"item\", \"value\": {\"image\": 12, \"title\": \"Illuminating the Persistent Battle Against Hunger in the Heart of Karamajongs Resilience.\", \"caption\": \"Silent Struggles\"}, \"id\": \"6369755a-024c-425d-adee-c502d8044ced\"}, {\"type\": \"item\", \"value\": {\"image\": 13, \"title\": \"Battling Hunger-Induced Weakness, Cultivating Strength in the Heart of Resilient in Karamoja.\", \"caption\": \"Battling Hunger-Induced Weakness\"}, \"id\": \"e42be58a-a6f4-49bd-94d5-ce23ca954002\"}, {\"type\": \"item\", \"value\": {\"image\": 14, \"title\": \"Tracing the Lethal Path from Hunger to the Brink of Survival in Struggling Karamoja region.\\\"\", \"caption\": \"Desperation''s Toll\"}, \"id\": \"2d9d20c6-ecca-44fb-95c2-4ceda5211a26\"}], \"videos\": [{\"type\": \"item\", \"value\": {\"video_url\": \"\", \"title\": \"\", \"caption\": \"\"}, \"id\": \"aed8b7b4-f21a-457e-a156-a7dfb38c33df\"}]}, \"id\": \"0c6b465d-f570-4a59-a277-3bbcdd49f99d\"}]", "wagtail_admin_comments": []}','10',58,1,'Unveiling the Causes, Cultivating Solutions for a Nourished and Climate-Resilient in Karamoja');
INSERT INTO wagtailcore_revision VALUES(23,0,'2023-11-24 06:43:17.618860',NULL,1,'{"pk": 10, "path": "0001000100030001", "depth": 4, "numchild": 0, "translation_key": "bb8ddb74-803a-4d0d-bf64-1ef711c12168", "locale": 1, "latest_revision": 22, "live": true, "has_unpublished_changes": false, "first_published_at": "2023-11-23T19:18:19.864Z", "last_published_at": "2023-11-24T05:45:38.307Z", "live_revision": 22, "go_live_at": null, "expire_at": null, "expired": false, "locked": false, "locked_at": null, "locked_by": null, "title": "Unveiling the Causes, Cultivating Solutions for a Nourished and Climate-Resilient in Karamoja", "draft_title": "Unveiling the Causes, Cultivating Solutions for a Nourished and Climate-Resilient in Karamoja", "slug": "unveiling-the-causes-cultivating-solutions-for-a-nourished-and-climate-resilient-in-karamoja", "content_type": 58, "url_path": "/home/karamoja/unveiling-the-causes-cultivating-solutions-for-a-nourished-and-climate-resilient-in-karamoja/", "owner": 1, "seo_title": "", "show_in_menus": false, "search_description": "", "latest_revision_created_at": "2023-11-24T05:45:38.295Z", "alias_of": null, "date": "2023-11-23", "body": "<h2 data-block-key=\"yvu6m\"><b>Transforming Adversity into Abundance in Area A through Sustainable Solutions for Hunger Alleviation.</b></h2><p data-block-key=\"1j7fm\"></p><p data-block-key=\"55q2q\">Unveiling the Causes, Cultivating Solutions for a Nourished and Climate-Resilient in Karamoja delves into the intricate web of challenges contributing to hunger in a local community. This initiative seeks to expose the underlying causes, focusing on the impact of climate and land conditions.</p><p data-block-key=\"adud5\"></p><embed alt=\"\" embedtype=\"image\" format=\"right\" id=\"11\"/><p data-block-key=\"c2dbg\"></p><p data-block-key=\"6sb1j\">Through an in-depth exploration, it aims to cultivate sustainable solutions, addressing the root issues and fostering resilience. By understanding the unique challenges faced by Karamoja, the Yeshua life project aspires to sow the seeds of change, cultivating a future where the community not only overcomes immediate hunger but thrives in the face of environmental adversities, creating a lasting impact on local well-being</p><p data-block-key=\"6426s\"></p><p data-block-key=\"bv0ad\"></p><embed alt=\"Hunger leading to death\" embedtype=\"image\" format=\"fullwidth\" id=\"14\"/><p data-block-key=\"7mpui\"></p>", "intro": "This initiative seeks to expose the underlying causes, focusing on the impact of climate and land conditions.", "image": 9, "caption": "Transforming Adversity into Abundance in Area A through Sustainable Solutions for Hunger Alleviation", "carousel": "[]", "body_content": "[{\"type\": \"section\", \"value\": {\"images\": [{\"type\": \"item\", \"value\": {\"image\": 12, \"title\": \"Illuminating the Persistent Battle Against Hunger in the Heart of Karamajongs Resilience.\", \"caption\": \"Silent Struggles\"}, \"id\": \"6369755a-024c-425d-adee-c502d8044ced\"}, {\"type\": \"item\", \"value\": {\"image\": 13, \"title\": \"Battling Hunger-Induced Weakness, Cultivating Strength in the Heart of Resilient in Karamoja.\", \"caption\": \"Battling Hunger-Induced Weakness\"}, \"id\": \"e42be58a-a6f4-49bd-94d5-ce23ca954002\"}, {\"type\": \"item\", \"value\": {\"image\": 14, \"title\": \"Tracing the Lethal Path from Hunger to the Brink of Survival in Struggling Karamoja region.\\\"\", \"caption\": \"Desperation''s Toll\"}, \"id\": \"2d9d20c6-ecca-44fb-95c2-4ceda5211a26\"}], \"videos\": [{\"type\": \"item\", \"value\": {\"video_url\": \"\", \"title\": \"\", \"caption\": \"\"}, \"id\": \"aed8b7b4-f21a-457e-a156-a7dfb38c33df\"}]}, \"id\": \"0c6b465d-f570-4a59-a277-3bbcdd49f99d\"}]", "wagtail_admin_comments": []}','10',58,1,'Unveiling the Causes, Cultivating Solutions for a Nourished and Climate-Resilient in Karamoja');
INSERT INTO wagtailcore_revision VALUES(24,0,'2023-11-24 06:57:19.347962',NULL,1,'{"pk": 10, "path": "0001000100030001", "depth": 4, "numchild": 0, "translation_key": "bb8ddb74-803a-4d0d-bf64-1ef711c12168", "locale": 1, "latest_revision": 23, "live": true, "has_unpublished_changes": false, "first_published_at": "2023-11-23T19:18:19.864Z", "last_published_at": "2023-11-24T06:43:17.637Z", "live_revision": 23, "go_live_at": null, "expire_at": null, "expired": false, "locked": false, "locked_at": null, "locked_by": null, "title": "Unveiling the Causes, Cultivating Solutions for a Nourished and Climate-Resilient in Karamoja", "draft_title": "Unveiling the Causes, Cultivating Solutions for a Nourished and Climate-Resilient in Karamoja", "slug": "unveiling-the-causes-cultivating-solutions-for-a-nourished-and-climate-resilient-in-karamoja", "content_type": 58, "url_path": "/home/karamoja/unveiling-the-causes-cultivating-solutions-for-a-nourished-and-climate-resilient-in-karamoja/", "owner": 1, "seo_title": "", "show_in_menus": false, "search_description": "", "latest_revision_created_at": "2023-11-24T06:43:17.618Z", "alias_of": null, "date": "2023-11-23", "body": "<h2 data-block-key=\"yvu6m\"><b>Transforming Adversity into Abundance in Area A through Sustainable Solutions for Hunger Alleviation.</b></h2><p data-block-key=\"1j7fm\"></p><p data-block-key=\"55q2q\">Unveiling the Causes, Cultivating Solutions for a Nourished and Climate-Resilient in Karamoja delves into the intricate web of challenges contributing to hunger in a local community. This initiative seeks to expose the underlying causes, focusing on the impact of climate and land conditions.</p><p data-block-key=\"adud5\"></p><embed alt=\"\" embedtype=\"image\" format=\"right\" id=\"11\"/><p data-block-key=\"c2dbg\"></p><p data-block-key=\"6sb1j\">Through an in-depth exploration, it aims to cultivate sustainable solutions, addressing the root issues and fostering resilience. By understanding the unique challenges faced by Karamoja, the Yeshua life project aspires to sow the seeds of change, cultivating a future where the community not only overcomes immediate hunger but thrives in the face of environmental adversities, creating a lasting impact on local well-being</p><p data-block-key=\"6426s\"></p><p data-block-key=\"bv0ad\"></p><embed alt=\"Hunger leading to death\" embedtype=\"image\" format=\"fullwidth\" id=\"14\"/><p data-block-key=\"7mpui\"></p>", "intro": "This initiative seeks to expose the underlying causes, focusing on the impact of climate and land conditions.", "image": 9, "caption": "Transforming Adversity into Abundance in Area A through Sustainable Solutions for Hunger Alleviation", "carousel": "[]", "body_content": "[{\"type\": \"section\", \"value\": {\"images\": [{\"type\": \"item\", \"value\": {\"image\": 12, \"title\": \"Illuminating the Persistent Battle Against Hunger in the Heart of Karamajongs Resilience.\", \"caption\": \"Silent Struggles\"}, \"id\": \"6369755a-024c-425d-adee-c502d8044ced\"}, {\"type\": \"item\", \"value\": {\"image\": 13, \"title\": \"Battling Hunger-Induced Weakness, Cultivating Strength in the Heart of Resilient in Karamoja.\", \"caption\": \"Battling Hunger-Induced Weakness\"}, \"id\": \"e42be58a-a6f4-49bd-94d5-ce23ca954002\"}, {\"type\": \"item\", \"value\": {\"image\": 14, \"title\": \"Tracing the Lethal Path from Hunger to the Brink of Survival in Struggling Karamoja region.\\\"\", \"caption\": \"Desperation''s Toll\"}, \"id\": \"2d9d20c6-ecca-44fb-95c2-4ceda5211a26\"}], \"videos\": [{\"type\": \"item\", \"value\": {\"video_url\": \"\", \"title\": \"\", \"caption\": \"\"}, \"id\": \"aed8b7b4-f21a-457e-a156-a7dfb38c33df\"}]}, \"id\": \"0c6b465d-f570-4a59-a277-3bbcdd49f99d\"}]", "wagtail_admin_comments": []}','10',58,1,'Unveiling the Causes, Cultivating Solutions for a Nourished and Climate-Resilient in Karamoja');
INSERT INTO wagtailcore_revision VALUES(25,0,'2023-11-24 06:59:45.751026',NULL,1,'{"pk": 10, "path": "0001000100030001", "depth": 4, "numchild": 0, "translation_key": "bb8ddb74-803a-4d0d-bf64-1ef711c12168", "locale": 1, "latest_revision": 24, "live": true, "has_unpublished_changes": false, "first_published_at": "2023-11-23T19:18:19.864Z", "last_published_at": "2023-11-24T06:57:19.365Z", "live_revision": 24, "go_live_at": null, "expire_at": null, "expired": false, "locked": false, "locked_at": null, "locked_by": null, "title": "Unveiling the Causes, Cultivating Solutions for a Nourished and Climate-Resilient in Karamoja", "draft_title": "Unveiling the Causes, Cultivating Solutions for a Nourished and Climate-Resilient in Karamoja", "slug": "unveiling-the-causes-cultivating-solutions-for-a-nourished-and-climate-resilient-in-karamoja", "content_type": 58, "url_path": "/home/karamoja/unveiling-the-causes-cultivating-solutions-for-a-nourished-and-climate-resilient-in-karamoja/", "owner": 1, "seo_title": "", "show_in_menus": false, "search_description": "", "latest_revision_created_at": "2023-11-24T06:57:19.347Z", "alias_of": null, "date": "2023-11-23", "body": "<h2 data-block-key=\"yvu6m\"><b>Transforming Adversity into Abundance in Area A through Sustainable Solutions for Hunger Alleviation.</b></h2><p data-block-key=\"1j7fm\"></p><p data-block-key=\"55q2q\">Unveiling the Causes, Cultivating Solutions for a Nourished and Climate-Resilient in Karamoja delves into the intricate web of challenges contributing to hunger in a local community. This initiative seeks to expose the underlying causes, focusing on the impact of climate and land conditions.</p><p data-block-key=\"adud5\"></p><embed alt=\"\" embedtype=\"image\" format=\"right\" id=\"11\"/><p data-block-key=\"c2dbg\"></p><p data-block-key=\"6sb1j\">Through an in-depth exploration, it aims to cultivate sustainable solutions, addressing the root issues and fostering resilience.</p><p data-block-key=\"dh99h\"></p><p data-block-key=\"hea5\"></p><embed alt=\"hunger_in_karamoja\" embedtype=\"image\" format=\"fullwidth\" id=\"13\"/><p data-block-key=\"bagk2\"></p><p data-block-key=\"ake00\"> By understanding the unique challenges faced by Karamoja, the Yeshua life project aspires to sow the seeds of change, cultivating a future where the community not only overcomes immediate hunger but thrives in the face of environmental adversities, creating a lasting impact on local well-being</p><p data-block-key=\"6426s\"></p><p data-block-key=\"bv0ad\"></p><embed alt=\"Hunger leading to death\" embedtype=\"image\" format=\"fullwidth\" id=\"14\"/><p data-block-key=\"7mpui\"></p>", "intro": "This initiative seeks to expose the underlying causes, focusing on the impact of climate and land conditions.", "image": 9, "caption": "Transforming Adversity into Abundance in Area A through Sustainable Solutions for Hunger Alleviation", "carousel": "[]", "body_content": "[{\"type\": \"section\", \"value\": {\"images\": [{\"type\": \"item\", \"value\": {\"image\": 12, \"title\": \"Illuminating the Persistent Battle Against Hunger in the Heart of Karamajongs Resilience.\", \"caption\": \"Silent Struggles\"}, \"id\": \"6369755a-024c-425d-adee-c502d8044ced\"}, {\"type\": \"item\", \"value\": {\"image\": 13, \"title\": \"Battling Hunger-Induced Weakness, Cultivating Strength in the Heart of Resilient in Karamoja.\", \"caption\": \"Battling Hunger-Induced Weakness\"}, \"id\": \"e42be58a-a6f4-49bd-94d5-ce23ca954002\"}, {\"type\": \"item\", \"value\": {\"image\": 14, \"title\": \"Tracing the Lethal Path from Hunger to the Brink of Survival in Struggling Karamoja region.\\\"\", \"caption\": \"Desperation''s Toll\"}, \"id\": \"2d9d20c6-ecca-44fb-95c2-4ceda5211a26\"}], \"videos\": [{\"type\": \"item\", \"value\": {\"video_url\": \"\", \"title\": \"\", \"caption\": \"\"}, \"id\": \"aed8b7b4-f21a-457e-a156-a7dfb38c33df\"}]}, \"id\": \"0c6b465d-f570-4a59-a277-3bbcdd49f99d\"}]", "wagtail_admin_comments": []}','10',58,1,'Unveiling the Causes, Cultivating Solutions for a Nourished and Climate-Resilient in Karamoja');
INSERT INTO wagtailcore_revision VALUES(26,0,'2023-11-24 08:29:02.436265',NULL,1,'{"pk": 10, "path": "0001000100030001", "depth": 4, "numchild": 0, "translation_key": "bb8ddb74-803a-4d0d-bf64-1ef711c12168", "locale": 1, "latest_revision": 25, "live": true, "has_unpublished_changes": false, "first_published_at": "2023-11-23T19:18:19.864Z", "last_published_at": "2023-11-24T06:59:45.766Z", "live_revision": 25, "go_live_at": null, "expire_at": null, "expired": false, "locked": false, "locked_at": null, "locked_by": null, "title": "Unveiling the Causes, Cultivating Solutions for a Nourished and Climate-Resilient in Karamoja", "draft_title": "Unveiling the Causes, Cultivating Solutions for a Nourished and Climate-Resilient in Karamoja", "slug": "unveiling-the-causes-cultivating-solutions-for-a-nourished-and-climate-resilient-in-karamoja", "content_type": 58, "url_path": "/home/karamoja/unveiling-the-causes-cultivating-solutions-for-a-nourished-and-climate-resilient-in-karamoja/", "owner": 1, "seo_title": "", "show_in_menus": false, "search_description": "", "latest_revision_created_at": "2023-11-24T06:59:45.751Z", "alias_of": null, "date": "2023-11-23", "body": "<h2 data-block-key=\"yvu6m\"><b>Transforming Adversity into Abundance in Area A through Sustainable Solutions for Hunger Alleviation.</b></h2><p data-block-key=\"1j7fm\"></p><p data-block-key=\"55q2q\">Unveiling the Causes, Cultivating Solutions for a Nourished and Climate-Resilient in Karamoja delves into the intricate web of challenges contributing to hunger in a local community. This initiative seeks to expose the underlying causes, focusing on the impact of climate and land conditions.</p><p data-block-key=\"adud5\"></p><embed alt=\"\" embedtype=\"image\" format=\"right\" id=\"11\"/><p data-block-key=\"c2dbg\"></p><p data-block-key=\"6sb1j\">Through an in-depth exploration, it aims to cultivate sustainable solutions, addressing the root issues and fostering resilience.</p><p data-block-key=\"dh99h\"></p><p data-block-key=\"hea5\"></p><embed alt=\"hunger_in_karamoja\" embedtype=\"image\" format=\"fullwidth\" id=\"13\"/><p data-block-key=\"bagk2\"></p><p data-block-key=\"ake00\">By understanding the unique challenges faced by Karamoja, the Yeshua life project aspires to sow the seeds of change, cultivating a future where the community not only overcomes immediate hunger but thrives in the face of environmental adversities, creating a lasting impact on local well-being</p><p data-block-key=\"6426s\"></p><p data-block-key=\"bv0ad\"></p><embed alt=\"Hunger leading to death\" embedtype=\"image\" format=\"fullwidth\" id=\"14\"/><p data-block-key=\"7mpui\"></p>", "intro": "This initiative seeks to expose the underlying causes, focusing on the impact of climate and land conditions.", "image": 9, "caption": "Transforming Adversity into Abundance in Area A through Sustainable Solutions for Hunger Alleviation", "carousel": "[]", "body_content": "[{\"type\": \"section\", \"value\": {\"images\": [{\"type\": \"item\", \"value\": {\"image\": 12, \"title\": \"Illuminating the Persistent Battle Against Hunger in the Heart of Karamajongs Resilience.\", \"caption\": \"Silent Struggles\"}, \"id\": \"6369755a-024c-425d-adee-c502d8044ced\"}, {\"type\": \"item\", \"value\": {\"image\": 13, \"title\": \"Battling Hunger-Induced Weakness, Cultivating Strength in the Heart of Resilient in Karamoja.\", \"caption\": \"Battling Hunger-Induced Weakness\"}, \"id\": \"e42be58a-a6f4-49bd-94d5-ce23ca954002\"}, {\"type\": \"item\", \"value\": {\"image\": 15, \"title\": \"\", \"caption\": \"\"}, \"id\": \"066234d4-bbc8-4dea-82f1-022bfc1b556f\"}, {\"type\": \"item\", \"value\": {\"image\": 14, \"title\": \"Tracing the Lethal Path from Hunger to the Brink of Survival in Struggling Karamoja region.\\\"\", \"caption\": \"Desperation''s Toll\"}, \"id\": \"2d9d20c6-ecca-44fb-95c2-4ceda5211a26\"}], \"videos\": [{\"type\": \"item\", \"value\": {\"video_url\": \"\", \"title\": \"\", \"caption\": \"\"}, \"id\": \"aed8b7b4-f21a-457e-a156-a7dfb38c33df\"}]}, \"id\": \"0c6b465d-f570-4a59-a277-3bbcdd49f99d\"}]", "wagtail_admin_comments": []}','10',58,1,'Unveiling the Causes, Cultivating Solutions for a Nourished and Climate-Resilient in Karamoja');
INSERT INTO wagtailcore_revision VALUES(27,0,'2023-11-24 09:12:50.136463',NULL,1,'{"pk": 10, "path": "0001000100030001", "depth": 4, "numchild": 0, "translation_key": "bb8ddb74-803a-4d0d-bf64-1ef711c12168", "locale": 1, "latest_revision": 26, "live": true, "has_unpublished_changes": false, "first_published_at": "2023-11-23T19:18:19.864Z", "last_published_at": "2023-11-24T08:29:02.453Z", "live_revision": 26, "go_live_at": null, "expire_at": null, "expired": false, "locked": false, "locked_at": null, "locked_by": null, "title": "Unveiling the Causes, Cultivating Solutions for a Nourished and Climate-Resilient in Karamoja", "draft_title": "Unveiling the Causes, Cultivating Solutions for a Nourished and Climate-Resilient in Karamoja", "slug": "unveiling-the-causes-cultivating-solutions-for-a-nourished-and-climate-resilient-in-karamoja", "content_type": 58, "url_path": "/home/karamoja/unveiling-the-causes-cultivating-solutions-for-a-nourished-and-climate-resilient-in-karamoja/", "owner": 1, "seo_title": "", "show_in_menus": false, "search_description": "", "latest_revision_created_at": "2023-11-24T08:29:02.436Z", "alias_of": null, "date": "2023-11-23", "body": "<h2 data-block-key=\"yvu6m\"><b>Transforming Adversity into Abundance in Area A through Sustainable Solutions for Hunger Alleviation.</b></h2><p data-block-key=\"1j7fm\"></p><p data-block-key=\"55q2q\">Unveiling the Causes, Cultivating Solutions for a Nourished and Climate-Resilient in Karamoja delves into the intricate web of challenges contributing to hunger in a local community. This initiative seeks to expose the underlying causes, focusing on the impact of climate and land conditions.</p><p data-block-key=\"adud5\"></p><embed alt=\"\" embedtype=\"image\" format=\"right\" id=\"11\"/><p data-block-key=\"c2dbg\"></p><p data-block-key=\"6sb1j\">Through an in-depth exploration, it aims to cultivate sustainable solutions, addressing the root issues and fostering resilience.</p><p data-block-key=\"dh99h\"></p><p data-block-key=\"hea5\"></p><embed alt=\"hunger_in_karamoja\" embedtype=\"image\" format=\"fullwidth\" id=\"13\"/><p data-block-key=\"bagk2\"></p><p data-block-key=\"ake00\">By understanding the unique challenges faced by Karamoja, the Yeshua life project aspires to sow the seeds of change, cultivating a future where the community not only overcomes immediate hunger but thrives in the face of environmental adversities, creating a lasting impact on local well-being</p><p data-block-key=\"6426s\"></p><p data-block-key=\"bv0ad\"></p><embed alt=\"Hunger leading to death\" embedtype=\"image\" format=\"fullwidth\" id=\"14\"/><p data-block-key=\"7mpui\"></p>", "intro": "This initiative seeks to expose the underlying causes, focusing on the impact of climate and land conditions.", "image": 9, "caption": "Transforming Adversity into Abundance in Area A through Sustainable Solutions for Hunger Alleviation", "carousel": "[]", "body_content": "[{\"type\": \"section\", \"value\": {\"images\": [{\"type\": \"item\", \"value\": {\"image\": 12, \"title\": \"Illuminating the Persistent Battle Against Hunger in the Heart of Karamajongs Resilience.\", \"caption\": \"Silent Struggles\"}, \"id\": \"6369755a-024c-425d-adee-c502d8044ced\"}, {\"type\": \"item\", \"value\": {\"image\": 16, \"title\": \"Fighting hunger in Karamoja\", \"caption\": \"Silent Struggles\"}, \"id\": \"aea79951-b245-4c3f-a8b9-42bed0e56604\"}, {\"type\": \"item\", \"value\": {\"image\": 13, \"title\": \"Battling Hunger-Induced Weakness, Cultivating Strength in the Heart of Resilient in Karamoja.\", \"caption\": \"Battling Hunger-Induced Weakness\"}, \"id\": \"e42be58a-a6f4-49bd-94d5-ce23ca954002\"}, {\"type\": \"item\", \"value\": {\"image\": 15, \"title\": \"\", \"caption\": \"\"}, \"id\": \"066234d4-bbc8-4dea-82f1-022bfc1b556f\"}, {\"type\": \"item\", \"value\": {\"image\": 14, \"title\": \"Tracing the Lethal Path from Hunger to the Brink of Survival in Struggling Karamoja region.\\\"\", \"caption\": \"Desperation''s Toll\"}, \"id\": \"2d9d20c6-ecca-44fb-95c2-4ceda5211a26\"}], \"videos\": [{\"type\": \"item\", \"value\": {\"video_url\": \"\", \"title\": \"\", \"caption\": \"\"}, \"id\": \"aed8b7b4-f21a-457e-a156-a7dfb38c33df\"}]}, \"id\": \"0c6b465d-f570-4a59-a277-3bbcdd49f99d\"}]", "wagtail_admin_comments": []}','10',58,1,'Unveiling the Causes, Cultivating Solutions for a Nourished and Climate-Resilient in Karamoja');
INSERT INTO wagtailcore_revision VALUES(28,0,'2023-11-24 09:46:19.083203',NULL,1,'{"pk": 11, "path": "0001000100030002", "depth": 4, "numchild": 0, "translation_key": "fbbae564-841c-4557-9c2f-ea666e7ddf77", "locale": 1, "latest_revision": null, "live": true, "has_unpublished_changes": false, "first_published_at": null, "last_published_at": null, "live_revision": null, "go_live_at": null, "expire_at": null, "expired": false, "locked": false, "locked_at": null, "locked_by": null, "title": "A Unified Front Against Hunger for a Sustained and Flourishing Tomorrow.", "draft_title": "A Unified Front Against Hunger for a Sustained and Flourishing Tomorrow.", "slug": "a-unified-front-against-hunger-for-a-sustained-and-flourishing-tomorrow", "content_type": 58, "url_path": "/home/karamoja/a-unified-front-against-hunger-for-a-sustained-and-flourishing-tomorrow/", "owner": 1, "seo_title": "", "show_in_menus": false, "search_description": "", "latest_revision_created_at": null, "alias_of": null, "date": "2023-11-24", "body": "<h2 data-block-key=\"53rfi\"><b>A United Endeavor Against Hunger for Flourishing Communities and Brighter Tomorrows.</b></h2><p data-block-key=\"29sk1\"></p><embed alt=\"hunger_image_1\" embedtype=\"image\" format=\"fullwidth\" id=\"12\"/><p data-block-key=\"bfek\"></p><p data-block-key=\"d0p7b\"></p><p data-block-key=\"5vu85\">A Unified Front Against Hunger for a Sustained and Flourishing Tomorrow in Karamoja people encapsulates a collaborative effort to combat the pervasive issue of hunger. This initiative brings together all Karamoja people , resources, and innovative solutions to break the chains of food insecurity. By fostering unity and awareness, the project strives to create a sustainable framework that nourishes every individual.</p><p data-block-key=\"a3llo\"></p><embed alt=\"Karamoja_2_Karamoja\" embedtype=\"image\" format=\"fullwidth\" id=\"16\"/><p data-block-key=\"5v1k6\"></p><p data-block-key=\"frshe\">Through targeted interventions, such as community gardens, education, and support systems, it aims to transform the narrative of hunger into one of resilience and abundance. &quot;Nourish Every Life&quot; stands as a beacon of hope, illustrating the collective strength that can alleviate hunger and pave the way for a future where no one goes without nourishment.</p>", "intro": "A Unified Front Against Hunger for a Sustained and Flourishing Tomorrow", "image": 17, "caption": "", "carousel": "[]", "body_content": "[]", "wagtail_admin_comments": []}','11',58,1,'A Unified Front Against Hunger for a Sustained and Flourishing Tomorrow.');
INSERT INTO wagtailcore_revision VALUES(29,0,'2023-11-24 10:25:27.610992',NULL,1,'{"pk": 12, "path": "0001000100030003", "depth": 4, "numchild": 0, "translation_key": "c62dbad5-c2b6-47f5-9c2d-3c436118417a", "locale": 1, "latest_revision": null, "live": true, "has_unpublished_changes": false, "first_published_at": null, "last_published_at": null, "live_revision": null, "go_live_at": null, "expire_at": null, "expired": false, "locked": false, "locked_at": null, "locked_by": null, "title": "The initiative responsibility and hope, cultivating a future where every individual", "draft_title": "The initiative responsibility and hope, cultivating a future where every individual", "slug": "the-initiative-responsibility-and-hope-cultivating-a-future-where-every-individual", "content_type": 58, "url_path": "/home/karamoja/the-initiative-responsibility-and-hope-cultivating-a-future-where-every-individual/", "owner": 1, "seo_title": "", "show_in_menus": false, "search_description": "", "latest_revision_created_at": null, "alias_of": null, "date": "2023-11-24", "body": "<p data-block-key=\"94x86\"></p><p data-block-key=\"a5pkg\">A United Endeavor Against Hunger for Flourishing Communities and Brighter Tomorrows&quot; encapsulates a dynamic initiative uniting communities in a concerted effort to eradicate hunger. Through strategic collaboration, education, and sustainable practices, this project aims to transform the landscape of food insecurity. </p><p data-block-key=\"8giu9\"></p><embed alt=\"hunger_in_karamoja\" embedtype=\"image\" format=\"fullwidth\" id=\"13\"/><p data-block-key=\"dtniu\"></p><p data-block-key=\"50eu0\">By sowing the seeds of plenty, it envisions vibrant community gardens, empowered individuals, and a resilient network that collectively breaks the cycle of hunger. The initiative fosters a sense of shared responsibility and hope, cultivating a future where every individual has access to nourishing food, and communities thrive with newfound resilience and abundance. &quot;Sow the Seeds of Plenty&quot; symbolizes a collective commitment to building a world where hunger is replaced by the flourishing of communities.</p>", "intro": "The initiative fosters a sense of shared responsibility and hope, cultivating a future where every individual", "image": 19, "caption": "", "carousel": "[]", "body_content": "[]", "wagtail_admin_comments": []}','12',58,1,'The initiative responsibility and hope, cultivating a future where every individual');
INSERT INTO wagtailcore_revision VALUES(30,0,'2023-11-24 10:31:20.295962',NULL,1,'{"pk": 13, "path": "0001000100030004", "depth": 4, "numchild": 0, "translation_key": "10a6bcaa-1bce-48f5-86ee-652e0469e27f", "locale": 1, "latest_revision": null, "live": true, "has_unpublished_changes": false, "first_published_at": null, "last_published_at": null, "live_revision": null, "go_live_at": null, "expire_at": null, "expired": false, "locked": false, "locked_at": null, "locked_by": null, "title": "Tackling Bedding, Mattress, and Food Shortages to Illuminate Paths of Comfort, Nourishment, and Resilience for All.", "draft_title": "Tackling Bedding, Mattress, and Food Shortages to Illuminate Paths of Comfort, Nourishment, and Resilience for All.", "slug": "tackling-bedding-mattress-and-food-shortages-to-illuminate-paths-of-comfort-nourishment-and-resilience-for-all", "content_type": 58, "url_path": "/home/karamoja/tackling-bedding-mattress-and-food-shortages-to-illuminate-paths-of-comfort-nourishment-and-resilience-for-all/", "owner": 1, "seo_title": "", "show_in_menus": false, "search_description": "", "latest_revision_created_at": null, "alias_of": null, "date": "2023-11-24", "body": "<p data-block-key=\"nxgy6\">ackling Bedding, Mattress, and Food Shortages to Illuminate Paths of Comfort, Nourishment, and Resilience for All&quot; is a rallying cry for addressing critical shortages.</p><p data-block-key=\"4lfbg\"></p><p data-block-key=\"4guu1\">This initiative strives to bring light to the lives of those facing scarcity by bridging the gaps in bedding, mattresses, and food. By uniting efforts, it seeks to create a path towards comfort, nourishment, and resilience for all, breaking the cycle of deprivation.</p>", "intro": "Tackling Bedding, Mattress, and Food Shortages to Illuminate Paths of Comfort, Nourishment, and Resilience for All", "image": 10, "caption": "", "carousel": "[]", "body_content": "[]", "wagtail_admin_comments": []}','13',58,1,'Tackling Bedding, Mattress, and Food Shortages to Illuminate Paths of Comfort, Nourishment, and Resilience for All.');
INSERT INTO wagtailcore_revision VALUES(31,0,'2023-11-24 11:39:49.201044',NULL,1,'{"pk": 13, "path": "0001000100030004", "depth": 4, "numchild": 0, "translation_key": "10a6bcaa-1bce-48f5-86ee-652e0469e27f", "locale": 1, "latest_revision": 30, "live": true, "has_unpublished_changes": false, "first_published_at": "2023-11-24T10:31:20.312Z", "last_published_at": "2023-11-24T10:31:20.312Z", "live_revision": 30, "go_live_at": null, "expire_at": null, "expired": false, "locked": false, "locked_at": null, "locked_by": null, "title": "Tackling Bedding, Mattress, and Food Shortages to Illuminate Paths of Comfort, Nourishment, and Resilience for All.", "draft_title": "Tackling Bedding, Mattress, and Food Shortages to Illuminate Paths of Comfort, Nourishment, and Resilience for All.", "slug": "tackling-bedding-mattress-and-food-shortages-to-illuminate-paths-of-comfort-nourishment-and-resilience-for-all", "content_type": 58, "url_path": "/home/karamoja/tackling-bedding-mattress-and-food-shortages-to-illuminate-paths-of-comfort-nourishment-and-resilience-for-all/", "owner": 1, "seo_title": "", "show_in_menus": false, "search_description": "", "latest_revision_created_at": "2023-11-24T10:31:20.295Z", "alias_of": null, "date": "2023-11-24", "body": "<p data-block-key=\"nxgy6\">ackling Bedding, Mattress, and Food Shortages to Illuminate Paths of Comfort, Nourishment, and Resilience for All&quot; is a rallying cry for addressing critical shortages.</p><p data-block-key=\"4lfbg\"></p><p data-block-key=\"4guu1\">This initiative strives to bring light to the lives of those facing scarcity by bridging the gaps in bedding, mattresses, and food. By uniting efforts, it seeks to create a path towards comfort, nourishment, and resilience for all, breaking the cycle of deprivation.</p>", "intro": "Tackling Bedding, Mattress, and Food Shortages to Illuminate Paths of Comfort, Nourishment, and Resilience for All", "image": 10, "caption": "", "carousel": "[]", "body_content": "[]", "wagtail_admin_comments": []}','13',58,1,'Tackling Bedding, Mattress, and Food Shortages to Illuminate Paths of Comfort, Nourishment, and Resilience for All.');
INSERT INTO wagtailcore_revision VALUES(32,0,'2023-11-24 11:46:21.258845',NULL,1,'{"pk": 14, "path": "0001000100020003", "depth": 4, "numchild": 0, "translation_key": "6602f547-45ea-40a0-bded-0957b859bb2d", "locale": 1, "latest_revision": null, "live": true, "has_unpublished_changes": false, "first_published_at": null, "last_published_at": null, "live_revision": null, "go_live_at": null, "expire_at": null, "expired": false, "locked": false, "locked_at": null, "locked_by": null, "title": "One Elevate lives with our initiative, providing essential attire, bedsheets, and mattresses. Join us in fostering comfort and dignity for those in need.", "draft_title": "One Elevate lives with our initiative, providing essential attire, bedsheets, and mattresses. Join us in fostering comfort and dignity for those in need.", "slug": "one-elevate-lives-with-our-initiative-providing-essential-attire-bedsheets-and-mattresses-join-us-in-fostering-comfort-and-dignity-for-those-in-need", "content_type": 37, "url_path": "/home/blog/one-elevate-lives-with-our-initiative-providing-essential-attire-bedsheets-and-mattresses-join-us-in-fostering-comfort-and-dignity-for-those-in-need/", "owner": 1, "seo_title": "", "show_in_menus": false, "search_description": "", "latest_revision_created_at": null, "alias_of": null, "date": "2023-11-24", "body": "<p data-block-key=\"6wwkn\"><b>Bridging Essentials: Empowering Communities with Clothing, Bedsheets, and Mattresses for Dignity and Comfort.</b></p><p data-block-key=\"8gg9l\"></p><embed alt=\"Clothing we extend a helping hand with essential clothing\" embedtype=\"image\" format=\"fullwidth\" id=\"10\"/><p data-block-key=\"3lbsu\"></p><p data-block-key=\"bqrll\">In response to critical shortages, our comprehensive initiative addresses essential needs\u2014providing clothing, bedsheets, and mattresses. We strive to empower communities, fostering a sense of comfort, dignity, and well-being.</p><p data-block-key=\"ddapb\"></p><embed alt=\"PHOTO-2023-08-31-12-56-30 11\" embedtype=\"image\" format=\"fullwidth\" id=\"20\"/><p data-block-key=\"abf84\"></p><p data-block-key=\"uuki\">Our commitment extends beyond mere provision, aiming to bridge gaps and cultivate lasting positive change. Through collective efforts, we work towards enhancing the lives of those in need, offering not only the practical necessities of clothing and bedding but also the intangible qualities of support, resilience, and hope. Join us on this impactful journey as we endeavor to make a meaningful difference and build a foundation of enduring comfort and care.</p>", "intro": "Our commitment extends beyond mere provision, aiming to bridge gaps", "image": 9, "caption": "", "body_content": "[]", "wagtail_admin_comments": []}','14',37,1,'One Elevate lives with our initiative, providing essential attire, bedsheets, and mattresses. Join us in fostering comfort and dignity for those in need.');
INSERT INTO wagtailcore_revision VALUES(33,0,'2023-11-24 13:46:54.829174',NULL,1,'{"pk": 10, "path": "0001000100030001", "depth": 4, "numchild": 0, "translation_key": "bb8ddb74-803a-4d0d-bf64-1ef711c12168", "locale": 1, "latest_revision": 27, "live": true, "has_unpublished_changes": false, "first_published_at": "2023-11-23T19:18:19.864Z", "last_published_at": "2023-11-24T09:12:50.155Z", "live_revision": 27, "go_live_at": null, "expire_at": null, "expired": false, "locked": false, "locked_at": null, "locked_by": null, "title": "Unveiling the Causes, Cultivating Solutions for a Nourished and Climate-Resilient in Karamoja", "draft_title": "Unveiling the Causes, Cultivating Solutions for a Nourished and Climate-Resilient in Karamoja", "slug": "unveiling-the-causes-cultivating-solutions-for-a-nourished-and-climate-resilient-in-karamoja", "content_type": 58, "url_path": "/home/karamoja/unveiling-the-causes-cultivating-solutions-for-a-nourished-and-climate-resilient-in-karamoja/", "owner": 1, "seo_title": "", "show_in_menus": false, "search_description": "", "latest_revision_created_at": "2023-11-24T09:12:50.136Z", "alias_of": null, "date": "2023-11-23", "body": "<h2 data-block-key=\"yvu6m\"><b>Transforming Adversity into Abundance in Area A through Sustainable Solutions for Hunger Alleviation.</b></h2><p data-block-key=\"1j7fm\"></p><p data-block-key=\"55q2q\">Unveiling the Causes, Cultivating Solutions for a Nourished and Climate-Resilient in Karamoja delves into the intricate web of challenges contributing to hunger in a local community. This initiative seeks to expose the underlying causes, focusing on the impact of climate and land conditions.</p><p data-block-key=\"adud5\"></p><embed alt=\"\" embedtype=\"image\" format=\"right\" id=\"11\"/><p data-block-key=\"c2dbg\"></p><p data-block-key=\"6sb1j\">Through an in-depth exploration, it aims to cultivate sustainable solutions, addressing the root issues and fostering resilience.</p><p data-block-key=\"dh99h\"></p><p data-block-key=\"hea5\"></p><embed alt=\"hunger_in_karamoja\" embedtype=\"image\" format=\"fullwidth\" id=\"13\"/><p data-block-key=\"bagk2\"></p><p data-block-key=\"ake00\">By understanding the unique challenges faced by Karamoja, the Yeshua life project aspires to sow the seeds of change, cultivating a future where the community not only overcomes immediate hunger but thrives in the face of environmental adversities, creating a lasting impact on local well-being</p><p data-block-key=\"6426s\"></p><p data-block-key=\"bv0ad\"></p><embed alt=\"Hunger leading to death\" embedtype=\"image\" format=\"fullwidth\" id=\"14\"/><p data-block-key=\"7mpui\"></p>", "intro": "This initiative seeks to expose the underlying causes, focusing on the impact of climate and land conditions.", "image": 9, "caption": "Transforming Adversity into Abundance in Area A through Sustainable Solutions for Hunger Alleviation", "carousel": "[]", "body_content": "[{\"type\": \"section\", \"value\": {\"images\": [{\"type\": \"item\", \"value\": {\"image\": 21, \"title\": \"Karamoja People\", \"caption\": \"Fight Hunger with us\"}, \"id\": \"277783ef-4835-4441-96c7-a2abe2a56670\"}, {\"type\": \"item\", \"value\": {\"image\": 12, \"title\": \"Illuminating the Persistent Battle Against Hunger in the Heart of Karamajongs Resilience.\", \"caption\": \"Silent Struggles\"}, \"id\": \"6369755a-024c-425d-adee-c502d8044ced\"}, {\"type\": \"item\", \"value\": {\"image\": 16, \"title\": \"Fighting hunger in Karamoja\", \"caption\": \"Silent Struggles\"}, \"id\": \"aea79951-b245-4c3f-a8b9-42bed0e56604\"}, {\"type\": \"item\", \"value\": {\"image\": 13, \"title\": \"Battling Hunger-Induced Weakness, Cultivating Strength in the Heart of Resilient in Karamoja.\", \"caption\": \"Battling Hunger-Induced Weakness\"}, \"id\": \"e42be58a-a6f4-49bd-94d5-ce23ca954002\"}, {\"type\": \"item\", \"value\": {\"image\": 15, \"title\": \"\", \"caption\": \"\"}, \"id\": \"066234d4-bbc8-4dea-82f1-022bfc1b556f\"}, {\"type\": \"item\", \"value\": {\"image\": 14, \"title\": \"Tracing the Lethal Path from Hunger to the Brink of Survival in Struggling Karamoja region.\\\"\", \"caption\": \"Desperation''s Toll\"}, \"id\": \"2d9d20c6-ecca-44fb-95c2-4ceda5211a26\"}], \"videos\": [{\"type\": \"item\", \"value\": {\"video_url\": \"\", \"title\": \"\", \"caption\": \"\"}, \"id\": \"aed8b7b4-f21a-457e-a156-a7dfb38c33df\"}]}, \"id\": \"0c6b465d-f570-4a59-a277-3bbcdd49f99d\"}]", "wagtail_admin_comments": []}','10',58,1,'Unveiling the Causes, Cultivating Solutions for a Nourished and Climate-Resilient in Karamoja');
INSERT INTO wagtailcore_revision VALUES(34,0,'2023-11-24 14:59:40.963382',NULL,1,'{"pk": 15, "path": "000100010004", "depth": 3, "numchild": 0, "translation_key": "897418b3-3d92-42da-9f25-d1fce255fe6b", "locale": 1, "latest_revision": null, "live": true, "has_unpublished_changes": false, "first_published_at": null, "last_published_at": null, "live_revision": null, "go_live_at": null, "expire_at": null, "expired": false, "locked": false, "locked_at": null, "locked_by": null, "title": "Response", "draft_title": "Response", "slug": "response", "content_type": 59, "url_path": "/home/response/", "owner": 1, "seo_title": "", "show_in_menus": false, "search_description": "", "latest_revision_created_at": null, "alias_of": null, "intro": "This is the Introduction page for Response", "body": "", "wagtail_admin_comments": []}','15',59,1,'Response');
INSERT INTO wagtailcore_revision VALUES(35,0,'2023-11-24 17:17:59.732049',NULL,1,'{"pk": 6, "path": "0001000100020001", "depth": 4, "numchild": 0, "translation_key": "6b49128a-64a9-4da1-8e06-ad6ee5011335", "locale": 1, "latest_revision": 21, "live": true, "has_unpublished_changes": false, "first_published_at": "2023-11-22T17:49:47.598Z", "last_published_at": "2023-11-24T04:47:31.529Z", "live_revision": 21, "go_live_at": null, "expire_at": null, "expired": false, "locked": false, "locked_at": null, "locked_by": null, "title": "Agriculture systems Turning   Karamoja  Dry Land Into  Food Bucket", "draft_title": "Agriculture systems Turning   Karamoja  Dry Land Into  Food Bucket", "slug": "agriculture-systems-turning-karamoja-dry-land-into-food-bucket", "content_type": 37, "url_path": "/home/blog/agriculture-systems-turning-karamoja-dry-land-into-food-bucket/", "owner": 1, "seo_title": "", "show_in_menus": false, "search_description": "", "latest_revision_created_at": "2023-11-24T04:47:31.515Z", "alias_of": null, "date": "2023-11-22", "body": "<p data-block-key=\"8zbmb\">It is a long established fact that a reader will be distracted by the readable content of a page when looking at its layout. The point of using Lorem Ipsum is that it has a more-or-less normal distribution of letters, as opposed to using &#x27;Content here, content here&#x27;, making it look like readable English. Many desktop publishing packages and web page editors now use Lorem Ipsum as their default model text, and a search for &#x27;lorem ipsum&#x27; will uncover many web sites still in their infancy. Various versions have evolved over the years, sometimes by accident, sometimes on purpose (injected humour and the like).</p>", "intro": "Karamoja can feed Africa", "image": 1, "caption": "", "body_content": "[{\"type\": \"section\", \"value\": {\"images\": [{\"type\": \"item\", \"value\": {\"image\": null, \"title\": \"\", \"caption\": \"\"}, \"id\": \"54063a85-0c4c-4b4f-a599-c5821c94217f\"}, {\"type\": \"item\", \"value\": {\"image\": null, \"title\": \"\", \"caption\": \"\"}, \"id\": \"bf6ed66f-7f2c-4a48-bf3d-f1182f0a8bff\"}, {\"type\": \"item\", \"value\": {\"image\": null, \"title\": \"\", \"caption\": \"\"}, \"id\": \"5e9e4099-ce35-4748-96dc-afcec235c3cf\"}, {\"type\": \"item\", \"value\": {\"image\": null, \"title\": \"\", \"caption\": \"\"}, \"id\": \"3d310bbc-7145-46f5-a9d7-642377f9b2b5\"}], \"videos\": [{\"type\": \"item\", \"value\": {\"video_url\": \"https://www.youtube.com/embed/LArV6sJ370U\", \"caption\": \"Sowing Hope: Battling Karamoja Hunger Through Plowing\"}, \"id\": \"8d9b789b-3eaf-4075-b449-f2976f7207c3\"}, {\"type\": \"item\", \"value\": {\"video_url\": \"https://www.youtube.com/embed/dZnVVZ6zq9g\", \"caption\": \"The focus on Karamoja by Yeshualife  extends beyond mere cultivation, emphasizing community engagement and empowerment\"}, \"id\": \"80da5d8c-ebf5-4d10-9c2a-9dfcfacf3d7c\"}, {\"type\": \"item\", \"value\": {\"video_url\": \"https://www.youtube.com/embed/Zd_X0NrRk_Q\", \"caption\": \"Empowering Karamoja  with Combine Harvesters to Combat Hunger and Foster Sustainable Food Security.\"}, \"id\": \"5716a216-0e32-420c-b2de-855485b584ab\"}, {\"type\": \"item\", \"value\": {\"video_url\": \"https://www.youtube.com/embed/2wwqDnNfIOU\", \"caption\": \"\"}, \"id\": \"88a5cc8c-88b9-4c2b-8b57-ec826a6415d4\"}, {\"type\": \"item\", \"value\": {\"video_url\": \"https://www.youtube.com/embed/GWRnJr-JlcY\", \"caption\": \"This project aims to combat hunger by strategically planting maize, a staple crop that symbolizes sustenance and abundance\"}, \"id\": \"a23276e8-d5c9-495d-bdeb-b1fe8bc0735b\"}]}, \"id\": \"1b7c07b0-efe0-40ba-8642-376e008841ce\"}]", "wagtail_admin_comments": []}','6',37,1,'Agriculture systems Turning   Karamoja  Dry Land Into  Food Bucket');
CREATE TABLE IF NOT EXISTS "wagtailcore_referenceindex" ("id" integer NOT NULL PRIMARY KEY AUTOINCREMENT, "object_id" varchar(255) NOT NULL, "to_object_id" varchar(255) NOT NULL, "model_path" text NOT NULL, "content_path" text NOT NULL, "content_path_hash" char(32) NOT NULL, "base_content_type_id" integer NOT NULL REFERENCES "django_content_type" ("id") DEFERRABLE INITIALLY DEFERRED, "content_type_id" integer NOT NULL REFERENCES "django_content_type" ("id") DEFERRABLE INITIALLY DEFERRED, "to_content_type_id" integer NOT NULL REFERENCES "django_content_type" ("id") DEFERRABLE INITIALLY DEFERRED);
INSERT INTO wagtailcore_referenceindex VALUES(1,'1','1','collection','collection','b40b1263e92957f2a7f89dbce56b887b',2,2,9);
INSERT INTO wagtailcore_referenceindex VALUES(2,'2','1','collection','collection','b40b1263e92957f2a7f89dbce56b887b',2,2,9);
INSERT INTO wagtailcore_referenceindex VALUES(3,'3','1','collection','collection','b40b1263e92957f2a7f89dbce56b887b',2,2,9);
INSERT INTO wagtailcore_referenceindex VALUES(4,'4','1','collection','collection','b40b1263e92957f2a7f89dbce56b887b',2,2,9);
INSERT INTO wagtailcore_referenceindex VALUES(6,'6','1','collection','collection','b40b1263e92957f2a7f89dbce56b887b',2,2,9);
INSERT INTO wagtailcore_referenceindex VALUES(10,'6','1','image','image','3cb1a537a728548bb2078423b6010580',1,37,2);
INSERT INTO wagtailcore_referenceindex VALUES(12,'7','1','collection','collection','b40b1263e92957f2a7f89dbce56b887b',2,2,9);
INSERT INTO wagtailcore_referenceindex VALUES(13,'8','1','collection','collection','b40b1263e92957f2a7f89dbce56b887b',2,2,9);
INSERT INTO wagtailcore_referenceindex VALUES(16,'9','1','collection','collection','b40b1263e92957f2a7f89dbce56b887b',2,2,9);
INSERT INTO wagtailcore_referenceindex VALUES(17,'10','1','collection','collection','b40b1263e92957f2a7f89dbce56b887b',2,2,9);
INSERT INTO wagtailcore_referenceindex VALUES(20,'11','1','collection','collection','b40b1263e92957f2a7f89dbce56b887b',2,2,9);
INSERT INTO wagtailcore_referenceindex VALUES(21,'12','1','collection','collection','b40b1263e92957f2a7f89dbce56b887b',2,2,9);
INSERT INTO wagtailcore_referenceindex VALUES(22,'13','1','collection','collection','b40b1263e92957f2a7f89dbce56b887b',2,2,9);
INSERT INTO wagtailcore_referenceindex VALUES(23,'10','9','image','image','3cb1a537a728548bb2078423b6010580',1,58,2);
INSERT INTO wagtailcore_referenceindex VALUES(24,'10','13','body_content.section.images.item.image','body_content.0c6b465d-f570-4a59-a277-3bbcdd49f99d.images.e42be58a-a6f4-49bd-94d5-ce23ca954002.image','d792b3a57b5d56c294df5cc861ed2c3a',1,58,2);
INSERT INTO wagtailcore_referenceindex VALUES(25,'10','11','body.','body.','4d332296be985f77a5adcbe1e1aacda5',1,58,2);
INSERT INTO wagtailcore_referenceindex VALUES(26,'10','12','body_content.section.images.item.image','body_content.0c6b465d-f570-4a59-a277-3bbcdd49f99d.images.6369755a-024c-425d-adee-c502d8044ced.image','51865fc9a65e50468bbd3cae355d7216',1,58,2);
INSERT INTO wagtailcore_referenceindex VALUES(27,'14','1','collection','collection','b40b1263e92957f2a7f89dbce56b887b',2,2,9);
INSERT INTO wagtailcore_referenceindex VALUES(28,'10','14','body_content.section.images.item.image','body_content.0c6b465d-f570-4a59-a277-3bbcdd49f99d.images.2d9d20c6-ecca-44fb-95c2-4ceda5211a26.image','e98504bec96b51df990ebc0f13200baa',1,58,2);
INSERT INTO wagtailcore_referenceindex VALUES(29,'10','14','body.','body.','4d332296be985f77a5adcbe1e1aacda5',1,58,2);
INSERT INTO wagtailcore_referenceindex VALUES(30,'10','13','body.','body.','4d332296be985f77a5adcbe1e1aacda5',1,58,2);
INSERT INTO wagtailcore_referenceindex VALUES(31,'15','1','collection','collection','b40b1263e92957f2a7f89dbce56b887b',2,2,9);
INSERT INTO wagtailcore_referenceindex VALUES(32,'10','15','body_content.section.images.item.image','body_content.0c6b465d-f570-4a59-a277-3bbcdd49f99d.images.066234d4-bbc8-4dea-82f1-022bfc1b556f.image','229d53591549537ea39e617266121bd1',1,58,2);
INSERT INTO wagtailcore_referenceindex VALUES(33,'16','1','collection','collection','b40b1263e92957f2a7f89dbce56b887b',2,2,9);
INSERT INTO wagtailcore_referenceindex VALUES(34,'10','16','body_content.section.images.item.image','body_content.0c6b465d-f570-4a59-a277-3bbcdd49f99d.images.aea79951-b245-4c3f-a8b9-42bed0e56604.image','a5b96d6d7b485258811a865357a92c67',1,58,2);
INSERT INTO wagtailcore_referenceindex VALUES(35,'17','1','collection','collection','b40b1263e92957f2a7f89dbce56b887b',2,2,9);
INSERT INTO wagtailcore_referenceindex VALUES(37,'11','16','body.','body.','4d332296be985f77a5adcbe1e1aacda5',1,58,2);
INSERT INTO wagtailcore_referenceindex VALUES(38,'11','17','image','image','3cb1a537a728548bb2078423b6010580',1,58,2);
INSERT INTO wagtailcore_referenceindex VALUES(39,'11','12','body.','body.','4d332296be985f77a5adcbe1e1aacda5',1,58,2);
INSERT INTO wagtailcore_referenceindex VALUES(40,'19','1','collection','collection','b40b1263e92957f2a7f89dbce56b887b',2,2,9);
INSERT INTO wagtailcore_referenceindex VALUES(41,'12','13','body.','body.','4d332296be985f77a5adcbe1e1aacda5',1,58,2);
INSERT INTO wagtailcore_referenceindex VALUES(42,'12','19','image','image','3cb1a537a728548bb2078423b6010580',1,58,2);
INSERT INTO wagtailcore_referenceindex VALUES(43,'13','10','image','image','3cb1a537a728548bb2078423b6010580',1,58,2);
INSERT INTO wagtailcore_referenceindex VALUES(44,'20','1','collection','collection','b40b1263e92957f2a7f89dbce56b887b',2,2,9);
INSERT INTO wagtailcore_referenceindex VALUES(45,'14','9','image','image','3cb1a537a728548bb2078423b6010580',1,37,2);
INSERT INTO wagtailcore_referenceindex VALUES(46,'14','20','body.','body.','4d332296be985f77a5adcbe1e1aacda5',1,37,2);
INSERT INTO wagtailcore_referenceindex VALUES(47,'14','10','body.','body.','4d332296be985f77a5adcbe1e1aacda5',1,37,2);
INSERT INTO wagtailcore_referenceindex VALUES(48,'21','1','collection','collection','b40b1263e92957f2a7f89dbce56b887b',2,2,9);
INSERT INTO wagtailcore_referenceindex VALUES(49,'10','21','body_content.section.images.item.image','body_content.0c6b465d-f570-4a59-a277-3bbcdd49f99d.images.277783ef-4835-4441-96c7-a2abe2a56670.image','ebc606d7f46a5272aa599d84e50739ec',1,58,2);
CREATE TABLE IF NOT EXISTS "wagtailcore_taskstate" ("id" integer NOT NULL PRIMARY KEY AUTOINCREMENT, "status" varchar(50) NOT NULL, "started_at" datetime NOT NULL, "finished_at" datetime NULL, "content_type_id" integer NOT NULL REFERENCES "django_content_type" ("id") DEFERRABLE INITIALLY DEFERRED, "task_id" integer NOT NULL REFERENCES "wagtailcore_task" ("id") DEFERRABLE INITIALLY DEFERRED, "workflow_state_id" integer NOT NULL REFERENCES "wagtailcore_workflowstate" ("id") DEFERRABLE INITIALLY DEFERRED, "finished_by_id" integer NULL REFERENCES "auth_user" ("id") DEFERRABLE INITIALLY DEFERRED, "comment" text NOT NULL, "revision_id" integer NOT NULL REFERENCES "wagtailcore_revision" ("id") DEFERRABLE INITIALLY DEFERRED);
CREATE TABLE IF NOT EXISTS "wagtailcore_workflowstate" ("id" integer NOT NULL PRIMARY KEY AUTOINCREMENT, "status" varchar(50) NOT NULL, "created_at" datetime NOT NULL, "current_task_state_id" integer NULL UNIQUE REFERENCES "wagtailcore_taskstate" ("id") DEFERRABLE INITIALLY DEFERRED, "requested_by_id" integer NULL REFERENCES "auth_user" ("id") DEFERRABLE INITIALLY DEFERRED, "workflow_id" integer NOT NULL REFERENCES "wagtailcore_workflow" ("id") DEFERRABLE INITIALLY DEFERRED, "object_id" varchar(255) NOT NULL, "base_content_type_id" integer NOT NULL REFERENCES "django_content_type" ("id") DEFERRABLE INITIALLY DEFERRED, "content_type_id" integer NOT NULL REFERENCES "django_content_type" ("id") DEFERRABLE INITIALLY DEFERRED);
CREATE TABLE IF NOT EXISTS "wagtailcore_workflowcontenttype" ("content_type_id" integer NOT NULL PRIMARY KEY REFERENCES "django_content_type" ("id") DEFERRABLE INITIALLY DEFERRED, "workflow_id" integer NOT NULL REFERENCES "wagtailcore_workflow" ("id") DEFERRABLE INITIALLY DEFERRED);
CREATE TABLE IF NOT EXISTS "wagtailcore_grouppagepermission" ("id" integer NOT NULL PRIMARY KEY AUTOINCREMENT, "permission_type" varchar(20) NULL, "group_id" integer NOT NULL REFERENCES "auth_group" ("id") DEFERRABLE INITIALLY DEFERRED, "page_id" integer NOT NULL REFERENCES "wagtailcore_page" ("id") DEFERRABLE INITIALLY DEFERRED, "permission_id" integer NULL REFERENCES "auth_permission" ("id") DEFERRABLE INITIALLY DEFERRED, CONSTRAINT "permission_or_permission_type_not_null" CHECK (("permission_id" IS NOT NULL OR "permission_type" IS NOT NULL)), CONSTRAINT "unique_permission" UNIQUE ("group_id", "page_id", "permission_id"), CONSTRAINT "unique_permission_type" UNIQUE ("group_id", "page_id", "permission_type"));
INSERT INTO wagtailcore_grouppagepermission VALUES(1,'add',1,1,33);
INSERT INTO wagtailcore_grouppagepermission VALUES(2,'change',1,1,34);
INSERT INTO wagtailcore_grouppagepermission VALUES(3,'publish',1,1,39);
INSERT INTO wagtailcore_grouppagepermission VALUES(4,'add',2,1,33);
INSERT INTO wagtailcore_grouppagepermission VALUES(5,'change',2,1,34);
INSERT INTO wagtailcore_grouppagepermission VALUES(6,'lock',1,1,38);
INSERT INTO wagtailcore_grouppagepermission VALUES(7,'unlock',1,1,40);
CREATE TABLE IF NOT EXISTS "wagtailcore_modellogentry" ("id" integer NOT NULL PRIMARY KEY AUTOINCREMENT, "label" text NOT NULL, "action" varchar(255) NOT NULL, "timestamp" datetime NOT NULL, "content_changed" bool NOT NULL, "deleted" bool NOT NULL, "object_id" varchar(255) NOT NULL, "content_type_id" integer NULL REFERENCES "django_content_type" ("id") DEFERRABLE INITIALLY DEFERRED, "user_id" integer NULL, "uuid" char(32) NULL, "revision_id" integer NULL, "data" text NOT NULL CHECK ((JSON_VALID("data") OR "data" IS NULL)));
INSERT INTO wagtailcore_modellogentry VALUES(1,'growing_food','wagtail.delete','2023-11-22 17:47:55.974985',0,0,'5',2,1,'4eb4de1f5f404aa597fe0a18c4ee9cd3',NULL,'{}');
INSERT INTO wagtailcore_modellogentry VALUES(2,'hunger_image_1','wagtail.delete','2023-11-24 09:44:45.048531',0,0,'18',2,1,'055060f27783470db67e77eda21eb295',NULL,'{}');
CREATE TABLE IF NOT EXISTS "wagtailcore_pagelogentry" ("id" integer NOT NULL PRIMARY KEY AUTOINCREMENT, "label" text NOT NULL, "action" varchar(255) NOT NULL, "timestamp" datetime NOT NULL, "content_changed" bool NOT NULL, "deleted" bool NOT NULL, "content_type_id" integer NULL REFERENCES "django_content_type" ("id") DEFERRABLE INITIALLY DEFERRED, "page_id" integer NOT NULL, "revision_id" integer NULL, "user_id" integer NULL, "uuid" char(32) NULL, "data" text NOT NULL CHECK ((JSON_VALID("data") OR "data" IS NULL)));
INSERT INTO wagtailcore_pagelogentry VALUES(1,'Home','wagtail.create','2023-11-22 16:44:28.571601',1,0,4,4,NULL,1,'a013007fc0054c86855f4ec329cc4c24','{}');
INSERT INTO wagtailcore_pagelogentry VALUES(2,'Home','wagtail.edit','2023-11-22 16:44:28.582174',1,0,4,4,1,1,'a013007fc0054c86855f4ec329cc4c24','{}');
INSERT INTO wagtailcore_pagelogentry VALUES(3,'Home','wagtail.publish','2023-11-22 16:44:28.600463',1,0,4,4,1,1,'a013007fc0054c86855f4ec329cc4c24','{}');
INSERT INTO wagtailcore_pagelogentry VALUES(4,'Blog','wagtail.create','2023-11-22 16:45:24.511628',1,0,36,5,NULL,1,'70f02f361aac4709aed0991f5a13e135','{}');
INSERT INTO wagtailcore_pagelogentry VALUES(5,'Blog','wagtail.edit','2023-11-22 16:45:24.525086',1,0,36,5,2,1,'70f02f361aac4709aed0991f5a13e135','{}');
INSERT INTO wagtailcore_pagelogentry VALUES(6,'Blog','wagtail.publish','2023-11-22 16:45:24.543551',1,0,36,5,2,1,'70f02f361aac4709aed0991f5a13e135','{}');
INSERT INTO wagtailcore_pagelogentry VALUES(7,'Agriculture systems Turning   Karamoja  Dry Land Into  Food Bucket','wagtail.create','2023-11-22 17:49:47.574737',1,0,37,6,NULL,1,'ad8cb5574e784ddaabdfaaaf7eadcd4e','{}');
INSERT INTO wagtailcore_pagelogentry VALUES(8,'Agriculture systems Turning   Karamoja  Dry Land Into  Food Bucket','wagtail.edit','2023-11-22 17:49:47.592627',1,0,37,6,3,1,'ad8cb5574e784ddaabdfaaaf7eadcd4e','{}');
INSERT INTO wagtailcore_pagelogentry VALUES(9,'Agriculture systems Turning   Karamoja  Dry Land Into  Food Bucket','wagtail.publish','2023-11-22 17:49:47.609774',1,0,37,6,3,1,'ad8cb5574e784ddaabdfaaaf7eadcd4e','{}');
INSERT INTO wagtailcore_pagelogentry VALUES(10,'Agriculture systems Turning   Karamoja  Dry Land Into  Food Bucket','wagtail.edit','2023-11-22 17:51:55.442816',1,0,37,6,4,1,'73d724c9a0924cb89d4b23a5150e28ef','{}');
INSERT INTO wagtailcore_pagelogentry VALUES(11,'Agriculture systems Turning   Karamoja  Dry Land Into  Food Bucket','wagtail.publish','2023-11-22 17:51:55.458839',1,0,37,6,4,1,'73d724c9a0924cb89d4b23a5150e28ef','{}');
INSERT INTO wagtailcore_pagelogentry VALUES(12,'Elevate lives with our initiative, providing essential attire, bedsheets, and mattresses. Join us in fostering comfort and dignity for those in need.','wagtail.create','2023-11-23 08:31:28.037837',1,0,37,7,NULL,1,'bffac73b63654c5aa01c15edef2e1463','{}');
INSERT INTO wagtailcore_pagelogentry VALUES(13,'Elevate lives with our initiative, providing essential attire, bedsheets, and mattresses. Join us in fostering comfort and dignity for those in need.','wagtail.edit','2023-11-23 08:31:28.052364',1,0,37,7,5,1,'bffac73b63654c5aa01c15edef2e1463','{}');
INSERT INTO wagtailcore_pagelogentry VALUES(14,'Elevate lives with our initiative, providing essential attire, bedsheets, and mattresses. Join us in fostering comfort and dignity for those in need.','wagtail.publish','2023-11-23 08:31:28.069699',1,0,37,7,5,1,'bffac73b63654c5aa01c15edef2e1463','{}');
INSERT INTO wagtailcore_pagelogentry VALUES(15,'Elevate lives with our initiative, providing essential attire, bedsheets, and mattresses. Join us in fostering comfort and dignity for those in need.','wagtail.edit','2023-11-23 08:45:57.374123',1,0,37,7,6,1,'04ba8dcbc14045b18c54bc1e8183cbc7','{}');
INSERT INTO wagtailcore_pagelogentry VALUES(16,'Elevate lives with our initiative, providing essential attire, bedsheets, and mattresses. Join us in fostering comfort and dignity for those in need.','wagtail.publish','2023-11-23 08:45:57.394081',1,0,37,7,6,1,'04ba8dcbc14045b18c54bc1e8183cbc7','{}');
INSERT INTO wagtailcore_pagelogentry VALUES(17,'Elevate lives with our initiative, providing essential attire, bedsheets, and mattresses. Join us in fostering comfort and dignity for those in need.','wagtail.edit','2023-11-23 08:52:33.581606',1,0,37,7,7,1,'fdd6e1c586d849d39168f3f91d6113b8','{}');
INSERT INTO wagtailcore_pagelogentry VALUES(18,'Elevate lives with our initiative, providing essential attire, bedsheets, and mattresses. Join us in fostering comfort and dignity for those in need.','wagtail.publish','2023-11-23 08:52:33.603449',1,0,37,7,7,1,'fdd6e1c586d849d39168f3f91d6113b8','{}');
INSERT INTO wagtailcore_pagelogentry VALUES(19,'Agriculture systems Turning   Karamoja  Dry Land Into  Food Bucket','wagtail.edit','2023-11-23 10:08:35.065157',1,0,37,6,8,1,'ece19d85351a4622b659316833c8ad9b','{}');
INSERT INTO wagtailcore_pagelogentry VALUES(20,'Agriculture systems Turning   Karamoja  Dry Land Into  Food Bucket','wagtail.publish','2023-11-23 10:08:35.079062',1,0,37,6,8,1,'ece19d85351a4622b659316833c8ad9b','{}');
INSERT INTO wagtailcore_pagelogentry VALUES(21,'Agriculture systems Turning   Karamoja  Dry Land Into  Food Bucket','wagtail.edit','2023-11-23 11:12:29.120623',1,0,37,6,9,1,'a9acaa8bdbe8447eb639f8007b3d0f25','{}');
INSERT INTO wagtailcore_pagelogentry VALUES(22,'Agriculture systems Turning   Karamoja  Dry Land Into  Food Bucket','wagtail.publish','2023-11-23 11:12:29.137080',1,0,37,6,9,1,'a9acaa8bdbe8447eb639f8007b3d0f25','{}');
INSERT INTO wagtailcore_pagelogentry VALUES(23,'Agriculture systems Turning   Karamoja  Dry Land Into  Food Bucket','wagtail.edit','2023-11-23 11:36:56.988507',1,0,37,6,10,1,'eace615fd9144a50a0b63560073a62dd','{}');
INSERT INTO wagtailcore_pagelogentry VALUES(24,'Agriculture systems Turning   Karamoja  Dry Land Into  Food Bucket','wagtail.publish','2023-11-23 11:36:57.020845',1,0,37,6,10,1,'eace615fd9144a50a0b63560073a62dd','{}');
INSERT INTO wagtailcore_pagelogentry VALUES(25,'Agriculture systems Turning   Karamoja  Dry Land Into  Food Bucket','wagtail.edit','2023-11-23 11:37:44.376466',1,0,37,6,11,1,'202124f23838443e9b758c5fb695b81b','{}');
INSERT INTO wagtailcore_pagelogentry VALUES(26,'Agriculture systems Turning   Karamoja  Dry Land Into  Food Bucket','wagtail.publish','2023-11-23 11:37:44.392013',0,0,37,6,11,1,'202124f23838443e9b758c5fb695b81b','{}');
INSERT INTO wagtailcore_pagelogentry VALUES(27,'Agriculture systems Turning   Karamoja  Dry Land Into  Food Bucket','wagtail.edit','2023-11-23 13:48:32.775738',1,0,37,6,12,1,'0c02ccf1d6c14a97960d4c011fb166b2','{}');
INSERT INTO wagtailcore_pagelogentry VALUES(28,'Agriculture systems Turning   Karamoja  Dry Land Into  Food Bucket','wagtail.publish','2023-11-23 13:48:32.795915',1,0,37,6,12,1,'0c02ccf1d6c14a97960d4c011fb166b2','{}');
INSERT INTO wagtailcore_pagelogentry VALUES(29,'Agriculture systems Turning   Karamoja  Dry Land Into  Food Bucket','wagtail.edit','2023-11-23 13:51:49.137217',1,0,37,6,13,1,'3959e2ffefa64a8eaaf57c59f784b99e','{}');
INSERT INTO wagtailcore_pagelogentry VALUES(30,'Agriculture systems Turning   Karamoja  Dry Land Into  Food Bucket','wagtail.publish','2023-11-23 13:51:49.157665',1,0,37,6,13,1,'3959e2ffefa64a8eaaf57c59f784b99e','{}');
INSERT INTO wagtailcore_pagelogentry VALUES(31,'Blog','wagtail.edit','2023-11-23 14:01:22.461294',1,0,36,5,14,1,'e64743438edc42f3b116b8140f0e1025','{}');
INSERT INTO wagtailcore_pagelogentry VALUES(32,'Blog','wagtail.publish','2023-11-23 14:01:22.480795',1,0,36,5,14,1,'e64743438edc42f3b116b8140f0e1025','{}');
INSERT INTO wagtailcore_pagelogentry VALUES(33,'Karamoja Cry','wagtail.create','2023-11-23 16:38:16.407925',1,0,57,8,NULL,1,'15bb6eb20b674ed1a7d14cb6454903a9','{}');
INSERT INTO wagtailcore_pagelogentry VALUES(34,'Karamoja Cry','wagtail.edit','2023-11-23 16:38:16.418389',1,0,57,8,15,1,'15bb6eb20b674ed1a7d14cb6454903a9','{}');
INSERT INTO wagtailcore_pagelogentry VALUES(35,'Karamoja Cry','wagtail.publish','2023-11-23 16:38:16.430853',1,0,57,8,15,1,'15bb6eb20b674ed1a7d14cb6454903a9','{}');
INSERT INTO wagtailcore_pagelogentry VALUES(36,'Karamoja Cry','wagtail.edit','2023-11-23 16:39:46.327673',1,0,57,8,16,1,'0f1b173a27d14dc1a2f2b876879f77bd','{}');
INSERT INTO wagtailcore_pagelogentry VALUES(37,'Karamoja','wagtail.rename','2023-11-23 16:39:46.346614',0,0,57,8,16,1,'0f1b173a27d14dc1a2f2b876879f77bd','{"title": {"old": "Karamoja Cry", "new": "Karamoja"}}');
INSERT INTO wagtailcore_pagelogentry VALUES(38,'Karamoja','wagtail.publish','2023-11-23 16:39:46.348306',1,0,57,8,16,1,'0f1b173a27d14dc1a2f2b876879f77bd','{"title": {"old": "Karamoja Cry", "new": "Karamoja"}}');
INSERT INTO wagtailcore_pagelogentry VALUES(39,'Karamoja','wagtail.delete','2023-11-23 16:41:06.425356',0,1,57,8,NULL,1,'71bd61a9b0684a19a3338c7760c78ff5','{}');
INSERT INTO wagtailcore_pagelogentry VALUES(40,'Karamoja','wagtail.create','2023-11-23 16:41:57.008148',1,0,57,9,NULL,1,'dd6a67893fc24c8eb0595188c98e4fef','{}');
INSERT INTO wagtailcore_pagelogentry VALUES(41,'Karamoja','wagtail.edit','2023-11-23 16:41:57.020823',1,0,57,9,17,1,'dd6a67893fc24c8eb0595188c98e4fef','{}');
INSERT INTO wagtailcore_pagelogentry VALUES(42,'Karamoja','wagtail.publish','2023-11-23 16:41:57.037414',1,0,57,9,17,1,'dd6a67893fc24c8eb0595188c98e4fef','{}');
INSERT INTO wagtailcore_pagelogentry VALUES(43,'Unveiling the Causes, Cultivating Solutions for a Nourished and Climate-Resilient in Karamoja','wagtail.create','2023-11-23 19:18:19.851026',1,0,58,10,NULL,1,'a94103226db64407888de4975f1f3103','{}');
INSERT INTO wagtailcore_pagelogentry VALUES(44,'Unveiling the Causes, Cultivating Solutions for a Nourished and Climate-Resilient in Karamoja','wagtail.edit','2023-11-23 19:18:19.860577',1,0,58,10,18,1,'a94103226db64407888de4975f1f3103','{}');
INSERT INTO wagtailcore_pagelogentry VALUES(45,'Unveiling the Causes, Cultivating Solutions for a Nourished and Climate-Resilient in Karamoja','wagtail.publish','2023-11-23 19:18:19.874580',1,0,58,10,18,1,'a94103226db64407888de4975f1f3103','{}');
INSERT INTO wagtailcore_pagelogentry VALUES(46,'Unveiling the Causes, Cultivating Solutions for a Nourished and Climate-Resilient in Karamoja','wagtail.edit','2023-11-23 19:28:01.558528',1,0,58,10,19,1,'76620df08b984a0da2ce571e7ad89417','{}');
INSERT INTO wagtailcore_pagelogentry VALUES(47,'Unveiling the Causes, Cultivating Solutions for a Nourished and Climate-Resilient in Karamoja','wagtail.publish','2023-11-23 19:28:01.573366',1,0,58,10,19,1,'76620df08b984a0da2ce571e7ad89417','{}');
INSERT INTO wagtailcore_pagelogentry VALUES(48,'Agriculture systems Turning   Karamoja  Dry Land Into  Food Bucket','wagtail.edit','2023-11-24 04:45:42.825725',1,0,37,6,20,1,'30074a54c8b14e18842b6e55c37980aa','{}');
INSERT INTO wagtailcore_pagelogentry VALUES(49,'Agriculture systems Turning   Karamoja  Dry Land Into  Food Bucket','wagtail.publish','2023-11-24 04:45:42.841433',1,0,37,6,20,1,'30074a54c8b14e18842b6e55c37980aa','{}');
INSERT INTO wagtailcore_pagelogentry VALUES(50,'Agriculture systems Turning   Karamoja  Dry Land Into  Food Bucket','wagtail.edit','2023-11-24 04:47:31.523649',1,0,37,6,21,1,'1c70dcf07da34924ae1be36f5ee81e2c','{}');
INSERT INTO wagtailcore_pagelogentry VALUES(51,'Agriculture systems Turning   Karamoja  Dry Land Into  Food Bucket','wagtail.publish','2023-11-24 04:47:31.543561',0,0,37,6,21,1,'1c70dcf07da34924ae1be36f5ee81e2c','{}');
INSERT INTO wagtailcore_pagelogentry VALUES(52,'Unveiling the Causes, Cultivating Solutions for a Nourished and Climate-Resilient in Karamoja','wagtail.edit','2023-11-24 05:45:38.302540',1,0,58,10,22,1,'a1f84ba1485f4f4cb4b8d63146650f80','{}');
INSERT INTO wagtailcore_pagelogentry VALUES(53,'Unveiling the Causes, Cultivating Solutions for a Nourished and Climate-Resilient in Karamoja','wagtail.publish','2023-11-24 05:45:38.321148',0,0,58,10,22,1,'a1f84ba1485f4f4cb4b8d63146650f80','{}');
INSERT INTO wagtailcore_pagelogentry VALUES(54,'Unveiling the Causes, Cultivating Solutions for a Nourished and Climate-Resilient in Karamoja','wagtail.edit','2023-11-24 06:43:17.630213',1,0,58,10,23,1,'b3ad910278264ee782470402d11ed8ee','{}');
INSERT INTO wagtailcore_pagelogentry VALUES(55,'Unveiling the Causes, Cultivating Solutions for a Nourished and Climate-Resilient in Karamoja','wagtail.publish','2023-11-24 06:43:17.650296',1,0,58,10,23,1,'b3ad910278264ee782470402d11ed8ee','{}');
INSERT INTO wagtailcore_pagelogentry VALUES(56,'Unveiling the Causes, Cultivating Solutions for a Nourished and Climate-Resilient in Karamoja','wagtail.edit','2023-11-24 06:57:19.358300',1,0,58,10,24,1,'ca5a79a54e1e4a77a16b1086a93e9164','{}');
INSERT INTO wagtailcore_pagelogentry VALUES(57,'Unveiling the Causes, Cultivating Solutions for a Nourished and Climate-Resilient in Karamoja','wagtail.publish','2023-11-24 06:57:19.379134',0,0,58,10,24,1,'ca5a79a54e1e4a77a16b1086a93e9164','{}');
INSERT INTO wagtailcore_pagelogentry VALUES(58,'Unveiling the Causes, Cultivating Solutions for a Nourished and Climate-Resilient in Karamoja','wagtail.edit','2023-11-24 06:59:45.759494',1,0,58,10,25,1,'28132de7d96142dcb984fdd7932e6c1e','{}');
INSERT INTO wagtailcore_pagelogentry VALUES(59,'Unveiling the Causes, Cultivating Solutions for a Nourished and Climate-Resilient in Karamoja','wagtail.publish','2023-11-24 06:59:45.779601',1,0,58,10,25,1,'28132de7d96142dcb984fdd7932e6c1e','{}');
INSERT INTO wagtailcore_pagelogentry VALUES(60,'Unveiling the Causes, Cultivating Solutions for a Nourished and Climate-Resilient in Karamoja','wagtail.edit','2023-11-24 08:29:02.445854',1,0,58,10,26,1,'595efab4c3e44f7cb755ee3837b9362f','{}');
INSERT INTO wagtailcore_pagelogentry VALUES(61,'Unveiling the Causes, Cultivating Solutions for a Nourished and Climate-Resilient in Karamoja','wagtail.publish','2023-11-24 08:29:02.469049',1,0,58,10,26,1,'595efab4c3e44f7cb755ee3837b9362f','{}');
INSERT INTO wagtailcore_pagelogentry VALUES(62,'Unveiling the Causes, Cultivating Solutions for a Nourished and Climate-Resilient in Karamoja','wagtail.edit','2023-11-24 09:12:50.148181',1,0,58,10,27,1,'2a56a53f5e3047d68d3b9d88a0b88d77','{}');
INSERT INTO wagtailcore_pagelogentry VALUES(63,'Unveiling the Causes, Cultivating Solutions for a Nourished and Climate-Resilient in Karamoja','wagtail.publish','2023-11-24 09:12:50.167480',1,0,58,10,27,1,'2a56a53f5e3047d68d3b9d88a0b88d77','{}');
INSERT INTO wagtailcore_pagelogentry VALUES(64,'A Unified Front Against Hunger for a Sustained and Flourishing Tomorrow.','wagtail.create','2023-11-24 09:46:19.077920',1,0,58,11,NULL,1,'71d77168bf4b4996acf2d7b53a5d47ba','{}');
INSERT INTO wagtailcore_pagelogentry VALUES(65,'A Unified Front Against Hunger for a Sustained and Flourishing Tomorrow.','wagtail.edit','2023-11-24 09:46:19.088755',1,0,58,11,28,1,'71d77168bf4b4996acf2d7b53a5d47ba','{}');
INSERT INTO wagtailcore_pagelogentry VALUES(66,'A Unified Front Against Hunger for a Sustained and Flourishing Tomorrow.','wagtail.publish','2023-11-24 09:46:19.102133',1,0,58,11,28,1,'71d77168bf4b4996acf2d7b53a5d47ba','{}');
INSERT INTO wagtailcore_pagelogentry VALUES(67,'The initiative responsibility and hope, cultivating a future where every individual','wagtail.create','2023-11-24 10:25:27.602616',1,0,58,12,NULL,1,'51135976f83a47e489459d8d9fd212ea','{}');
INSERT INTO wagtailcore_pagelogentry VALUES(68,'The initiative responsibility and hope, cultivating a future where every individual','wagtail.edit','2023-11-24 10:25:27.618740',1,0,58,12,29,1,'51135976f83a47e489459d8d9fd212ea','{}');
INSERT INTO wagtailcore_pagelogentry VALUES(69,'The initiative responsibility and hope, cultivating a future where every individual','wagtail.publish','2023-11-24 10:25:27.635096',1,0,58,12,29,1,'51135976f83a47e489459d8d9fd212ea','{}');
INSERT INTO wagtailcore_pagelogentry VALUES(70,'Tackling Bedding, Mattress, and Food Shortages to Illuminate Paths of Comfort, Nourishment, and Resilience for All.','wagtail.create','2023-11-24 10:31:20.283385',1,0,58,13,NULL,1,'c73012f2f0704e7ba6a069ced4a70028','{}');
INSERT INTO wagtailcore_pagelogentry VALUES(71,'Tackling Bedding, Mattress, and Food Shortages to Illuminate Paths of Comfort, Nourishment, and Resilience for All.','wagtail.edit','2023-11-24 10:31:20.305486',1,0,58,13,30,1,'c73012f2f0704e7ba6a069ced4a70028','{}');
INSERT INTO wagtailcore_pagelogentry VALUES(72,'Tackling Bedding, Mattress, and Food Shortages to Illuminate Paths of Comfort, Nourishment, and Resilience for All.','wagtail.publish','2023-11-24 10:31:20.325948',1,0,58,13,30,1,'c73012f2f0704e7ba6a069ced4a70028','{}');
INSERT INTO wagtailcore_pagelogentry VALUES(73,'Tackling Bedding, Mattress, and Food Shortages to Illuminate Paths of Comfort, Nourishment, and Resilience for All.','wagtail.edit','2023-11-24 11:39:49.210582',1,0,58,13,31,1,'b57409b5cc3148a5be12582cfb7516ab','{}');
INSERT INTO wagtailcore_pagelogentry VALUES(74,'Tackling Bedding, Mattress, and Food Shortages to Illuminate Paths of Comfort, Nourishment, and Resilience for All.','wagtail.publish','2023-11-24 11:39:49.229442',0,0,58,13,31,1,'b57409b5cc3148a5be12582cfb7516ab','{}');
INSERT INTO wagtailcore_pagelogentry VALUES(75,'One Elevate lives with our initiative, providing essential attire, bedsheets, and mattresses. Join us in fostering comfort and dignity for those in need.','wagtail.create','2023-11-24 11:46:21.252456',1,0,37,14,NULL,1,'4897bdc46707472bb167878ce0c1948f','{}');
INSERT INTO wagtailcore_pagelogentry VALUES(76,'One Elevate lives with our initiative, providing essential attire, bedsheets, and mattresses. Join us in fostering comfort and dignity for those in need.','wagtail.edit','2023-11-24 11:46:21.273184',1,0,37,14,32,1,'4897bdc46707472bb167878ce0c1948f','{}');
INSERT INTO wagtailcore_pagelogentry VALUES(77,'One Elevate lives with our initiative, providing essential attire, bedsheets, and mattresses. Join us in fostering comfort and dignity for those in need.','wagtail.publish','2023-11-24 11:46:21.287160',1,0,37,14,32,1,'4897bdc46707472bb167878ce0c1948f','{}');
INSERT INTO wagtailcore_pagelogentry VALUES(78,'Elevate lives with our initiative, providing essential attire, bedsheets, and mattresses. Join us in fostering comfort and dignity for those in need.','wagtail.delete','2023-11-24 11:46:32.518410',0,1,37,7,NULL,1,'d629fbafb276407883ea18d7751ad277','{}');
INSERT INTO wagtailcore_pagelogentry VALUES(79,'Unveiling the Causes, Cultivating Solutions for a Nourished and Climate-Resilient in Karamoja','wagtail.edit','2023-11-24 13:46:54.839565',1,0,58,10,33,1,'cc5f167224fc4d1a894262f92da343d1','{}');
INSERT INTO wagtailcore_pagelogentry VALUES(80,'Unveiling the Causes, Cultivating Solutions for a Nourished and Climate-Resilient in Karamoja','wagtail.publish','2023-11-24 13:46:54.858119',1,0,58,10,33,1,'cc5f167224fc4d1a894262f92da343d1','{}');
INSERT INTO wagtailcore_pagelogentry VALUES(81,'Response','wagtail.create','2023-11-24 14:59:40.959956',1,0,59,15,NULL,1,'c851fc7a6662408bad5d99fecd5e7ad7','{}');
INSERT INTO wagtailcore_pagelogentry VALUES(82,'Response','wagtail.edit','2023-11-24 14:59:40.967848',1,0,59,15,34,1,'c851fc7a6662408bad5d99fecd5e7ad7','{}');
INSERT INTO wagtailcore_pagelogentry VALUES(83,'Response','wagtail.publish','2023-11-24 14:59:40.979219',1,0,59,15,34,1,'c851fc7a6662408bad5d99fecd5e7ad7','{}');
INSERT INTO wagtailcore_pagelogentry VALUES(84,'Agriculture systems Turning   Karamoja  Dry Land Into  Food Bucket','wagtail.edit','2023-11-24 17:17:59.742544',1,0,37,6,35,1,'ca3b491a23da4a1dbb059ae88c912e81','{}');
INSERT INTO wagtailcore_pagelogentry VALUES(85,'Agriculture systems Turning   Karamoja  Dry Land Into  Food Bucket','wagtail.publish','2023-11-24 17:17:59.755734',1,0,37,6,35,1,'ca3b491a23da4a1dbb059ae88c912e81','{}');
CREATE TABLE IF NOT EXISTS "awards_awardsindexpage" ("page_ptr_id" integer NOT NULL PRIMARY KEY REFERENCES "wagtailcore_page" ("id") DEFERRABLE INITIALLY DEFERRED, "intro" varchar(200) NOT NULL);
CREATE TABLE IF NOT EXISTS "awards_awardspage" ("page_ptr_id" integer NOT NULL PRIMARY KEY REFERENCES "wagtailcore_page" ("id") DEFERRABLE INITIALLY DEFERRED, "date" date NULL, "body" text NOT NULL, "intro" varchar(200) NOT NULL, "caption" varchar(250) NOT NULL, "image_id" integer NULL REFERENCES "wagtailimages_image" ("id") DEFERRABLE INITIALLY DEFERRED);
CREATE TABLE IF NOT EXISTS "awards_awardspagegalleryimage" ("id" integer NOT NULL PRIMARY KEY AUTOINCREMENT, "sort_order" integer NULL, "caption" varchar(250) NOT NULL, "image_id" integer NULL REFERENCES "wagtailimages_image" ("id") DEFERRABLE INITIALLY DEFERRED, "page_id" integer NOT NULL REFERENCES "awards_awardspage" ("page_ptr_id") DEFERRABLE INITIALLY DEFERRED);
CREATE TABLE IF NOT EXISTS "blog_blogindexpage" ("page_ptr_id" integer NOT NULL PRIMARY KEY REFERENCES "wagtailcore_page" ("id") DEFERRABLE INITIALLY DEFERRED, "intro" varchar(200) NOT NULL);
INSERT INTO blog_blogindexpage VALUES(5,'Karamoja can feed Africa');
CREATE TABLE IF NOT EXISTS "clothes_clothesindexpage" ("page_ptr_id" integer NOT NULL PRIMARY KEY REFERENCES "wagtailcore_page" ("id") DEFERRABLE INITIALLY DEFERRED, "intro" varchar(200) NOT NULL);
CREATE TABLE IF NOT EXISTS "clothes_clothespage" ("page_ptr_id" integer NOT NULL PRIMARY KEY REFERENCES "wagtailcore_page" ("id") DEFERRABLE INITIALLY DEFERRED, "date" date NULL, "body" text NOT NULL, "intro" varchar(200) NOT NULL, "caption" varchar(250) NOT NULL, "image_id" integer NULL REFERENCES "wagtailimages_image" ("id") DEFERRABLE INITIALLY DEFERRED);
CREATE TABLE IF NOT EXISTS "clothes_clothespagegalleryimage" ("id" integer NOT NULL PRIMARY KEY AUTOINCREMENT, "sort_order" integer NULL, "caption" varchar(250) NOT NULL, "image_id" integer NULL REFERENCES "wagtailimages_image" ("id") DEFERRABLE INITIALLY DEFERRED, "page_id" integer NOT NULL REFERENCES "clothes_clothespage" ("page_ptr_id") DEFERRABLE INITIALLY DEFERRED);
CREATE TABLE IF NOT EXISTS "harvesting_harvestingindexpage" ("page_ptr_id" integer NOT NULL PRIMARY KEY REFERENCES "wagtailcore_page" ("id") DEFERRABLE INITIALLY DEFERRED, "intro" varchar(200) NOT NULL);
CREATE TABLE IF NOT EXISTS "harvesting_harvestingpage" ("page_ptr_id" integer NOT NULL PRIMARY KEY REFERENCES "wagtailcore_page" ("id") DEFERRABLE INITIALLY DEFERRED, "date" date NULL, "body" text NOT NULL, "intro" varchar(200) NOT NULL, "caption" varchar(250) NOT NULL, "image_id" integer NULL REFERENCES "wagtailimages_image" ("id") DEFERRABLE INITIALLY DEFERRED);
CREATE TABLE IF NOT EXISTS "home_homepage" ("page_ptr_id" integer NOT NULL PRIMARY KEY REFERENCES "wagtailcore_page" ("id") DEFERRABLE INITIALLY DEFERRED, "body" text NOT NULL, "intro" varchar(250) NOT NULL);
INSERT INTO home_homepage VALUES(3,'','');
INSERT INTO home_homepage VALUES(4,'<p data-block-key="uwn1h">This is a home page </p>','welcome to introduction to Yeshua Life');
CREATE TABLE IF NOT EXISTS "django_session" ("session_key" varchar(40) NOT NULL PRIMARY KEY, "session_data" text NOT NULL, "expire_date" datetime NOT NULL);
INSERT INTO django_session VALUES('3jqvp8qejha1ksiidh2mlrvg9go9u20m','.eJxVjMsOgjAQRf-la9O0FPpg6d5vaIbpIFXTkhYSjfHfhYSFbs85976Zh3WZ_Fqp-BhYzyQ7_bIB8E5pF-EG6Zo55rSUOPA94Yet_JIDPc5H-3cwQZ22dTdoMUpsrHGKkJRo0CE6kBqoQ2nD2AIiOUFm41ZbRSI0rTGGlHXa7qeVao05eXrOsbxYLz5fox8_XA:1r5qJb:S2ZQjPvgWbEZgjEs1Y5vSoH576SBPi-F4KSYxVRlt2U','2023-12-06 16:43:03.949501');
INSERT INTO django_session VALUES('z2yoawgq5uwdmbp4d3xsete1m3nxaqze','.eJxVjMsOgjAQRf-la9O0FPpg6d5vaIbpIFXTkhYSjfHfhYSFbs85976Zh3WZ_Fqp-BhYzyQ7_bIB8E5pF-EG6Zo55rSUOPA94Yet_JIDPc5H-3cwQZ22dTdoMUpsrHGKkJRo0CE6kBqoQ2nD2AIiOUFm41ZbRSI0rTGGlHXa7qeVao05eXrOsbxYLz5fox8_XA:1r5tCa:Am6lnZuHn5vP7HBW1eI5JQ9z9tXaIy09CU3XVW77vQE','2023-12-06 19:48:00.512544');
INSERT INTO django_session VALUES('x7a43rs6sdyohp31f8fk10jjmmbkc3fi','.eJxVjMsOgjAQRf-la9O0FPpg6d5vaIbpIFXTkhYSjfHfhYSFbs85976Zh3WZ_Fqp-BhYzyQ7_bIB8E5pF-EG6Zo55rSUOPA94Yet_JIDPc5H-3cwQZ22dTdoMUpsrHGKkJRo0CE6kBqoQ2nD2AIiOUFm41ZbRSI0rTGGlHXa7qeVao05eXrOsbxYLz5fox8_XA:1r64z6:5GbemiIJ-_DAVbKHr7VOlRsPSYHBNjqF_axYv1uGwnU','2023-12-07 08:22:52.505873');
INSERT INTO django_session VALUES('sjbih70j190yv3gxu6d0pln77hvfyjd2','.eJxVjMsOgjAQRf-la9O0FPpg6d5vaIbpIFXTkhYSjfHfhYSFbs85976Zh3WZ_Fqp-BhYzyQ7_bIB8E5pF-EG6Zo55rSUOPA94Yet_JIDPc5H-3cwQZ22dTdoMUpsrHGKkJRo0CE6kBqoQ2nD2AIiOUFm41ZbRSI0rTGGlHXa7qeVao05eXrOsbxYLz5fox8_XA:1r6ChM:6uz6Nz0t4iWVFziBw8rShYE1ORJSBQ1T-KUIkxDu8GE','2023-12-07 16:37:04.556141');
INSERT INTO django_session VALUES('812lfemfkb0hobpw8jq7ac14fnqkf7t9','.eJxVjMsOgjAQRf-la9O0FPpg6d5vaIbpIFXTkhYSjfHfhYSFbs85976Zh3WZ_Fqp-BhYzyQ7_bIB8E5pF-EG6Zo55rSUOPA94Yet_JIDPc5H-3cwQZ22dTdoMUpsrHGKkJRo0CE6kBqoQ2nD2AIiOUFm41ZbRSI0rTGGlHXa7qeVao05eXrOsbxYLz5fox8_XA:1r6Crt:hX489l4A91qPfcqCxudQrFa6F-2Yd0Akk42-SrPDBEw','2023-12-07 16:47:57.095855');
INSERT INTO django_session VALUES('6pszxqlo66fkhh555ct4kxezpgxzec9w','.eJxVjMsOgjAQRf-la9O0FPpg6d5vaIbpIFXTkhYSjfHfhYSFbs85976Zh3WZ_Fqp-BhYzyQ7_bIB8E5pF-EG6Zo55rSUOPA94Yet_JIDPc5H-3cwQZ22dTdoMUpsrHGKkJRo0CE6kBqoQ2nD2AIiOUFm41ZbRSI0rTGGlHXa7qeVao05eXrOsbxYLz5fox8_XA:1r6E9X:YsR0cZyGzgYP5oUBFLQxxxXG0FkxA9xB712ODtO-MWU','2023-12-07 18:10:15.936044');
INSERT INTO django_session VALUES('opvo2n6t48oq50462tiom8nbgjixqzkg','.eJxVjMsOgjAQRf-la9O0FPpg6d5vaIbpIFXTkhYSjfHfhYSFbs85976Zh3WZ_Fqp-BhYzyQ7_bIB8E5pF-EG6Zo55rSUOPA94Yet_JIDPc5H-3cwQZ22dTdoMUpsrHGKkJRo0CE6kBqoQ2nD2AIiOUFm41ZbRSI0rTGGlHXa7qeVao05eXrOsbxYLz5fox8_XA:1r6HBw:NnHGSqg4m5Nq0TgQJhf6ssDnoN19TJvi7yY6uohrPJo','2023-12-07 21:24:56.626216');
INSERT INTO django_session VALUES('mnb3z0tdscks6oz8b2hkppkjtdesism5','.eJxVjMsOgjAQRf-la9O0FPpg6d5vaIbpIFXTkhYSjfHfhYSFbs85976Zh3WZ_Fqp-BhYzyQ7_bIB8E5pF-EG6Zo55rSUOPA94Yet_JIDPc5H-3cwQZ22dTdoMUpsrHGKkJRo0CE6kBqoQ2nD2AIiOUFm41ZbRSI0rTGGlHXa7qeVao05eXrOsbxYLz5fox8_XA:1r6O16:MsPF-m6zIp96BQx9dvUN0jdIL7Cb-QcNz-qrwe1rMDA','2023-12-08 04:42:12.631199');
INSERT INTO django_session VALUES('sy7ex88xd3ms22n5xr49vlozs7d2nucc','.eJxVjMsOgjAQRf-la9O0FPpg6d5vaIbpIFXTkhYSjfHfhYSFbs85976Zh3WZ_Fqp-BhYzyQ7_bIB8E5pF-EG6Zo55rSUOPA94Yet_JIDPc5H-3cwQZ22dTdoMUpsrHGKkJRo0CE6kBqoQ2nD2AIiOUFm41ZbRSI0rTGGlHXa7qeVao05eXrOsbxYLz5fox8_XA:1r6O4y:lMgTixcdh6Wow3XpIoVIfafWnsVdwfhldGVgTcdsYwQ','2023-12-08 04:46:12.047074');
INSERT INTO django_session VALUES('m7ldycvg3cf344z37f1phcb8vpd48bm8','.eJxVjMsOgjAQRf-la9O0FPpg6d5vaIbpIFXTkhYSjfHfhYSFbs85976Zh3WZ_Fqp-BhYzyQ7_bIB8E5pF-EG6Zo55rSUOPA94Yet_JIDPc5H-3cwQZ22dTdoMUpsrHGKkJRo0CE6kBqoQ2nD2AIiOUFm41ZbRSI0rTGGlHXa7qeVao05eXrOsbxYLz5fox8_XA:1r6OzA:6UHLQGYq5F_OtswswKlyK1MpWdeWZNhh_KovM0vGOGE','2023-12-08 05:44:16.886407');
INSERT INTO django_session VALUES('kg8o75evatmol3vq68wa5kpdrjnipr43','.eJxVjMsOgjAQRf-la9O0FPpg6d5vaIbpIFXTkhYSjfHfhYSFbs85976Zh3WZ_Fqp-BhYzyQ7_bIB8E5pF-EG6Zo55rSUOPA94Yet_JIDPc5H-3cwQZ22dTdoMUpsrHGKkJRo0CE6kBqoQ2nD2AIiOUFm41ZbRSI0rTGGlHXa7qeVao05eXrOsbxYLz5fox8_XA:1r6RIq:L6waOaskOglxDdFJbD5hlvbeMKq62OiryySR2bW8Kq4','2023-12-08 08:12:44.036652');
INSERT INTO django_session VALUES('0nrlxhfqa4ndghy7uzymb30e66ruezgo','.eJxVjMsOgjAQRf-la9O0FPpg6d5vaIbpIFXTkhYSjfHfhYSFbs85976Zh3WZ_Fqp-BhYzyQ7_bIB8E5pF-EG6Zo55rSUOPA94Yet_JIDPc5H-3cwQZ22dTdoMUpsrHGKkJRo0CE6kBqoQ2nD2AIiOUFm41ZbRSI0rTGGlHXa7qeVao05eXrOsbxYLz5fox8_XA:1r6RXc:v_CUMAcv5CoW7Ucnsbt3_GtGXXZFa3AzR_vAyhbmVu4','2023-12-08 08:28:00.460601');
INSERT INTO django_session VALUES('qlmj26puuwgtbu84s1eq9uqajegijtq1','.eJxVjMsOgjAQRf-la9O0FPpg6d5vaIbpIFXTkhYSjfHfhYSFbs85976Zh3WZ_Fqp-BhYzyQ7_bIB8E5pF-EG6Zo55rSUOPA94Yet_JIDPc5H-3cwQZ22dTdoMUpsrHGKkJRo0CE6kBqoQ2nD2AIiOUFm41ZbRSI0rTGGlHXa7qeVao05eXrOsbxYLz5fox8_XA:1r6UWz:o3x63H3eJeFoHO57kRnWO2Zx9X76-dRctskBIin9gas','2023-12-08 11:39:33.274621');
INSERT INTO django_session VALUES('c896y6hnxgbobg56x80p669enosqf1ts','.eJxVjMsOgjAQRf-la9O0FPpg6d5vaIbpIFXTkhYSjfHfhYSFbs85976Zh3WZ_Fqp-BhYzyQ7_bIB8E5pF-EG6Zo55rSUOPA94Yet_JIDPc5H-3cwQZ22dTdoMUpsrHGKkJRo0CE6kBqoQ2nD2AIiOUFm41ZbRSI0rTGGlHXa7qeVao05eXrOsbxYLz5fox8_XA:1r6Xin:laLAzbOulTzJIhRAiGF9XVMhOJRKaLm1LKY0J9VtKbk','2023-12-08 15:03:57.227479');
INSERT INTO django_session VALUES('7pby0z93zriillzl8q1zmozymcxj67qi','.eJxVjMsOgjAQRf-la9O0FPpg6d5vaIbpIFXTkhYSjfHfhYSFbs85976Zh3WZ_Fqp-BhYzyQ7_bIB8E5pF-EG6Zo55rSUOPA94Yet_JIDPc5H-3cwQZ22dTdoMUpsrHGKkJRo0CE6kBqoQ2nD2AIiOUFm41ZbRSI0rTGGlHXa7qeVao05eXrOsbxYLz5fox8_XA:1r6o6p:JKZ-XcwMcoDKRUKLLbp6U4b6NezmshOqP6kdS5hPDoU','2023-12-09 08:33:51.515852');
CREATE TABLE IF NOT EXISTS "taggit_tag" ("id" integer NOT NULL PRIMARY KEY AUTOINCREMENT, "name" varchar(100) NOT NULL UNIQUE, "slug" varchar(100) NOT NULL UNIQUE);
INSERT INTO taggit_tag VALUES(1,'yeshua life karamoja feeding','yeshua-life-karamoja-feeding');
INSERT INTO taggit_tag VALUES(2,'yeshua life Uganda karamoja','yeshua-life-uganda-karamoja');
INSERT INTO taggit_tag VALUES(3,'Karamoja Yeshua Life','karamoja-yeshua-life');
INSERT INTO taggit_tag VALUES(4,'feeding karamoja','feeding-karamoja');
INSERT INTO taggit_tag VALUES(5,'clothing feeding karamoja cry yeshualife ug','clothing-feeding-karamoja-cry-yeshualife-ug');
INSERT INTO taggit_tag VALUES(6,'Empowering communities through essential clothing','empowering-communities-through-essential-clothing');
INSERT INTO taggit_tag VALUES(7,'Empowering communities through essential clothing, bedsheets, and mattresses. Together, let''s bridge gaps and cultivate comfort, resilience, and well-being.','empowering-communities-through-essential-clothing-bedsheets-and-mattresses-together-lets-bridge-gaps-and-cultivate-comfort-resilience-and-well-being');
INSERT INTO taggit_tag VALUES(8,'Lack of Clothing in Karamoja','lack-of-clothing-in-karamoja');
INSERT INTO taggit_tag VALUES(9,'Clothing we extend a helping hand with essential clothing','clothing-we-extend-a-helping-hand-with-essential-clothing');
INSERT INTO taggit_tag VALUES(10,'Hunger in Karamoja','hunger-in-karamoja');
INSERT INTO taggit_tag VALUES(11,'fighting Hunger in Karamoja','fighting-hunger-in-karamoja');
CREATE TABLE IF NOT EXISTS "wagtailadmin_admin" ("id" integer NOT NULL PRIMARY KEY AUTOINCREMENT);
CREATE TABLE IF NOT EXISTS "wagtaildocs_document" ("id" integer NOT NULL PRIMARY KEY AUTOINCREMENT, "title" varchar(255) NOT NULL, "file" varchar(100) NOT NULL, "created_at" datetime NOT NULL, "uploaded_by_user_id" integer NULL REFERENCES "auth_user" ("id") DEFERRABLE INITIALLY DEFERRED, "collection_id" integer NOT NULL REFERENCES "wagtailcore_collection" ("id") DEFERRABLE INITIALLY DEFERRED, "file_size" integer unsigned NULL CHECK ("file_size" >= 0), "file_hash" varchar(40) NOT NULL);
CREATE TABLE IF NOT EXISTS "wagtaildocs_uploadeddocument" ("id" integer NOT NULL PRIMARY KEY AUTOINCREMENT, "file" varchar(200) NOT NULL, "uploaded_by_user_id" integer NULL REFERENCES "auth_user" ("id") DEFERRABLE INITIALLY DEFERRED);
CREATE TABLE IF NOT EXISTS "wagtailembeds_embed" ("id" integer NOT NULL PRIMARY KEY AUTOINCREMENT, "url" text NOT NULL, "max_width" smallint NULL, "type" varchar(10) NOT NULL, "html" text NOT NULL, "title" text NOT NULL, "author_name" text NOT NULL, "provider_name" text NOT NULL, "width" integer NULL, "height" integer NULL, "last_updated" datetime NOT NULL, "hash" varchar(32) NOT NULL UNIQUE, "thumbnail_url" text NOT NULL, "cache_until" datetime NULL);
INSERT INTO wagtailembeds_embed VALUES(1,'https://youtu.be/LArV6sJ370U',NULL,'video','<iframe width="200" height="113" src="https://www.youtube.com/embed/LArV6sJ370U?feature=oembed" frameborder="0" allow="accelerometer; autoplay; clipboard-write; encrypted-media; gyroscope; picture-in-picture; web-share" allowfullscreen title="Sowing Hope: Battling Karamoja Hunger Through Strategic Plowing Sustainable Agriculture Empowerment."></iframe>','Sowing Hope: Battling Karamoja Hunger Through Strategic Plowing Sustainable Agriculture Empowerment.','yeshua','YouTube',200,113,'2023-11-23 12:04:57.116911','e62db50446da710dc3b6d45ab837f226','https://i.ytimg.com/vi/LArV6sJ370U/hqdefault.jpg',NULL);
INSERT INTO wagtailembeds_embed VALUES(2,'https://youtu.be/dZnVVZ6zq9g',NULL,'video','<iframe width="200" height="113" src="https://www.youtube.com/embed/dZnVVZ6zq9g?feature=oembed" frameborder="0" allow="accelerometer; autoplay; clipboard-write; encrypted-media; gyroscope; picture-in-picture; web-share" allowfullscreen title="Nourishing Lives in KARAMOJA Planting Hope, Growing Opportunities, and Feeding the Poor  Hunger Free"></iframe>','Nourishing Lives in KARAMOJA Planting Hope, Growing Opportunities, and Feeding the Poor  Hunger Free','yeshua','YouTube',200,113,'2023-11-23 12:04:57.571301','4be64ab6a3cd8cfbe684c826426bac01','https://i.ytimg.com/vi/dZnVVZ6zq9g/hqdefault.jpg',NULL);
INSERT INTO wagtailembeds_embed VALUES(3,'https://youtu.be/GWRnJr-JlcY',NULL,'video','<iframe width="200" height="113" src="https://www.youtube.com/embed/GWRnJr-JlcY?feature=oembed" frameborder="0" allow="accelerometer; autoplay; clipboard-write; encrypted-media; gyroscope; picture-in-picture; web-share" allowfullscreen title="Cornucopia of Hope: Planting Maize, Agricultural Solutions for a Hunger-Free Tomorrow in Karamoja."></iframe>','Cornucopia of Hope: Planting Maize, Agricultural Solutions for a Hunger-Free Tomorrow in Karamoja.','yeshua','YouTube',200,113,'2023-11-23 12:04:58.024708','d2fcc550d7f4adf093a1837cac6b3306','https://i.ytimg.com/vi/GWRnJr-JlcY/hqdefault.jpg',NULL);
INSERT INTO wagtailembeds_embed VALUES(4,'https://youtu.be/LArV6sJ370U',420,'video','<iframe width="356" height="200" src="https://www.youtube.com/embed/LArV6sJ370U?feature=oembed" frameborder="0" allow="accelerometer; autoplay; clipboard-write; encrypted-media; gyroscope; picture-in-picture; web-share" allowfullscreen title="Sowing Hope: Battling Karamoja Hunger Through Strategic Plowing Sustainable Agriculture Empowerment."></iframe>','Sowing Hope: Battling Karamoja Hunger Through Strategic Plowing Sustainable Agriculture Empowerment.','yeshua','YouTube',356,200,'2023-11-23 12:07:12.832694','67d929c54c2795ca7d4ced892798534f','https://i.ytimg.com/vi/LArV6sJ370U/hqdefault.jpg',NULL);
INSERT INTO wagtailembeds_embed VALUES(5,'https://youtu.be/dZnVVZ6zq9g',420,'video','<iframe width="356" height="200" src="https://www.youtube.com/embed/dZnVVZ6zq9g?feature=oembed" frameborder="0" allow="accelerometer; autoplay; clipboard-write; encrypted-media; gyroscope; picture-in-picture; web-share" allowfullscreen title="Nourishing Lives in KARAMOJA Planting Hope, Growing Opportunities, and Feeding the Poor  Hunger Free"></iframe>','Nourishing Lives in KARAMOJA Planting Hope, Growing Opportunities, and Feeding the Poor  Hunger Free','yeshua','YouTube',356,200,'2023-11-23 12:07:13.285520','308f562ac8e6f1ed2e0fbe0b6ae3eb4c','https://i.ytimg.com/vi/dZnVVZ6zq9g/hqdefault.jpg',NULL);
INSERT INTO wagtailembeds_embed VALUES(6,'https://youtu.be/GWRnJr-JlcY',420,'video','<iframe width="356" height="200" src="https://www.youtube.com/embed/GWRnJr-JlcY?feature=oembed" frameborder="0" allow="accelerometer; autoplay; clipboard-write; encrypted-media; gyroscope; picture-in-picture; web-share" allowfullscreen title="Cornucopia of Hope: Planting Maize, Agricultural Solutions for a Hunger-Free Tomorrow in Karamoja."></iframe>','Cornucopia of Hope: Planting Maize, Agricultural Solutions for a Hunger-Free Tomorrow in Karamoja.','yeshua','YouTube',356,200,'2023-11-23 12:07:13.760250','80d4285ff68ce00a87ff5b51d0eb6d6a','https://i.ytimg.com/vi/GWRnJr-JlcY/hqdefault.jpg',NULL);
INSERT INTO wagtailembeds_embed VALUES(7,'https://youtu.be/LArV6sJ370U',500,'video','<iframe width="356" height="200" src="https://www.youtube.com/embed/LArV6sJ370U?feature=oembed" frameborder="0" allow="accelerometer; autoplay; clipboard-write; encrypted-media; gyroscope; picture-in-picture; web-share" allowfullscreen title="Sowing Hope: Battling Karamoja Hunger Through Strategic Plowing Sustainable Agriculture Empowerment."></iframe>','Sowing Hope: Battling Karamoja Hunger Through Strategic Plowing Sustainable Agriculture Empowerment.','yeshua','YouTube',356,200,'2023-11-23 12:07:32.634340','5c9900d3294a5b696dd6a2cbdb90c1ea','https://i.ytimg.com/vi/LArV6sJ370U/hqdefault.jpg',NULL);
INSERT INTO wagtailembeds_embed VALUES(8,'https://youtu.be/dZnVVZ6zq9g',500,'video','<iframe width="356" height="200" src="https://www.youtube.com/embed/dZnVVZ6zq9g?feature=oembed" frameborder="0" allow="accelerometer; autoplay; clipboard-write; encrypted-media; gyroscope; picture-in-picture; web-share" allowfullscreen title="Nourishing Lives in KARAMOJA Planting Hope, Growing Opportunities, and Feeding the Poor  Hunger Free"></iframe>','Nourishing Lives in KARAMOJA Planting Hope, Growing Opportunities, and Feeding the Poor  Hunger Free','yeshua','YouTube',356,200,'2023-11-23 12:07:33.119455','4124a30ca4ce4b80f0812742cd2b0c6b','https://i.ytimg.com/vi/dZnVVZ6zq9g/hqdefault.jpg',NULL);
INSERT INTO wagtailembeds_embed VALUES(9,'https://youtu.be/GWRnJr-JlcY',500,'video','<iframe width="356" height="200" src="https://www.youtube.com/embed/GWRnJr-JlcY?feature=oembed" frameborder="0" allow="accelerometer; autoplay; clipboard-write; encrypted-media; gyroscope; picture-in-picture; web-share" allowfullscreen title="Cornucopia of Hope: Planting Maize, Agricultural Solutions for a Hunger-Free Tomorrow in Karamoja."></iframe>','Cornucopia of Hope: Planting Maize, Agricultural Solutions for a Hunger-Free Tomorrow in Karamoja.','yeshua','YouTube',356,200,'2023-11-23 12:07:33.573115','8d311647ce77c9dd71bc9770a2895a86','https://i.ytimg.com/vi/GWRnJr-JlcY/hqdefault.jpg',NULL);
INSERT INTO wagtailembeds_embed VALUES(10,'https://youtu.be/LArV6sJ370U',800,'video','<iframe width="356" height="200" src="https://www.youtube.com/embed/LArV6sJ370U?feature=oembed" frameborder="0" allow="accelerometer; autoplay; clipboard-write; encrypted-media; gyroscope; picture-in-picture; web-share" allowfullscreen title="Sowing Hope: Battling Karamoja Hunger Through Strategic Plowing Sustainable Agriculture Empowerment."></iframe>','Sowing Hope: Battling Karamoja Hunger Through Strategic Plowing Sustainable Agriculture Empowerment.','yeshua','YouTube',356,200,'2023-11-23 12:07:55.310519','9a9f6e6c926dd284fae4146c2a623ba1','https://i.ytimg.com/vi/LArV6sJ370U/hqdefault.jpg',NULL);
INSERT INTO wagtailembeds_embed VALUES(11,'https://youtu.be/dZnVVZ6zq9g',800,'video','<iframe width="356" height="200" src="https://www.youtube.com/embed/dZnVVZ6zq9g?feature=oembed" frameborder="0" allow="accelerometer; autoplay; clipboard-write; encrypted-media; gyroscope; picture-in-picture; web-share" allowfullscreen title="Nourishing Lives in KARAMOJA Planting Hope, Growing Opportunities, and Feeding the Poor  Hunger Free"></iframe>','Nourishing Lives in KARAMOJA Planting Hope, Growing Opportunities, and Feeding the Poor  Hunger Free','yeshua','YouTube',356,200,'2023-11-23 12:07:55.787506','9f9f17358ded00c4156dfce603e5d126','https://i.ytimg.com/vi/dZnVVZ6zq9g/hqdefault.jpg',NULL);
INSERT INTO wagtailembeds_embed VALUES(12,'https://youtu.be/GWRnJr-JlcY',800,'video','<iframe width="356" height="200" src="https://www.youtube.com/embed/GWRnJr-JlcY?feature=oembed" frameborder="0" allow="accelerometer; autoplay; clipboard-write; encrypted-media; gyroscope; picture-in-picture; web-share" allowfullscreen title="Cornucopia of Hope: Planting Maize, Agricultural Solutions for a Hunger-Free Tomorrow in Karamoja."></iframe>','Cornucopia of Hope: Planting Maize, Agricultural Solutions for a Hunger-Free Tomorrow in Karamoja.','yeshua','YouTube',356,200,'2023-11-23 12:07:56.239217','db4666761a27a301dc1024ecea26697c','https://i.ytimg.com/vi/GWRnJr-JlcY/hqdefault.jpg',NULL);
INSERT INTO wagtailembeds_embed VALUES(13,'https://youtu.be/LArV6sJ370U',100,'video','<iframe width="200" height="113" src="https://www.youtube.com/embed/LArV6sJ370U?feature=oembed" frameborder="0" allow="accelerometer; autoplay; clipboard-write; encrypted-media; gyroscope; picture-in-picture; web-share" allowfullscreen title="Sowing Hope: Battling Karamoja Hunger Through Strategic Plowing Sustainable Agriculture Empowerment."></iframe>','Sowing Hope: Battling Karamoja Hunger Through Strategic Plowing Sustainable Agriculture Empowerment.','yeshua','YouTube',200,113,'2023-11-23 12:30:03.218394','259870365ae4e191d52f4fee1f906dae','https://i.ytimg.com/vi/LArV6sJ370U/hqdefault.jpg',NULL);
INSERT INTO wagtailembeds_embed VALUES(14,'https://youtu.be/dZnVVZ6zq9g',100,'video','<iframe width="200" height="113" src="https://www.youtube.com/embed/dZnVVZ6zq9g?feature=oembed" frameborder="0" allow="accelerometer; autoplay; clipboard-write; encrypted-media; gyroscope; picture-in-picture; web-share" allowfullscreen title="Nourishing Lives in KARAMOJA Planting Hope, Growing Opportunities, and Feeding the Poor  Hunger Free"></iframe>','Nourishing Lives in KARAMOJA Planting Hope, Growing Opportunities, and Feeding the Poor  Hunger Free','yeshua','YouTube',200,113,'2023-11-23 12:30:03.690085','dd9e834633b435edd3764e5421e5aa23','https://i.ytimg.com/vi/dZnVVZ6zq9g/hqdefault.jpg',NULL);
INSERT INTO wagtailembeds_embed VALUES(15,'https://youtu.be/GWRnJr-JlcY',100,'video','<iframe width="200" height="113" src="https://www.youtube.com/embed/GWRnJr-JlcY?feature=oembed" frameborder="0" allow="accelerometer; autoplay; clipboard-write; encrypted-media; gyroscope; picture-in-picture; web-share" allowfullscreen title="Cornucopia of Hope: Planting Maize, Agricultural Solutions for a Hunger-Free Tomorrow in Karamoja."></iframe>','Cornucopia of Hope: Planting Maize, Agricultural Solutions for a Hunger-Free Tomorrow in Karamoja.','yeshua','YouTube',200,113,'2023-11-23 12:30:04.153280','ac7745c71668e71cc53c5a09d3f32de7','https://i.ytimg.com/vi/GWRnJr-JlcY/hqdefault.jpg',NULL);
INSERT INTO wagtailembeds_embed VALUES(16,'https://youtu.be/LArV6sJ370U',600,'video','<iframe width="356" height="200" src="https://www.youtube.com/embed/LArV6sJ370U?feature=oembed" frameborder="0" allow="accelerometer; autoplay; clipboard-write; encrypted-media; gyroscope; picture-in-picture; web-share" allowfullscreen title="Sowing Hope: Battling Karamoja Hunger Through Strategic Plowing Sustainable Agriculture Empowerment."></iframe>','Sowing Hope: Battling Karamoja Hunger Through Strategic Plowing Sustainable Agriculture Empowerment.','yeshua','YouTube',356,200,'2023-11-23 12:35:39.077020','53b24f451fbfffb33e3cfb3e769f9f8b','https://i.ytimg.com/vi/LArV6sJ370U/hqdefault.jpg',NULL);
INSERT INTO wagtailembeds_embed VALUES(17,'https://youtu.be/dZnVVZ6zq9g',600,'video','<iframe width="356" height="200" src="https://www.youtube.com/embed/dZnVVZ6zq9g?feature=oembed" frameborder="0" allow="accelerometer; autoplay; clipboard-write; encrypted-media; gyroscope; picture-in-picture; web-share" allowfullscreen title="Nourishing Lives in KARAMOJA Planting Hope, Growing Opportunities, and Feeding the Poor  Hunger Free"></iframe>','Nourishing Lives in KARAMOJA Planting Hope, Growing Opportunities, and Feeding the Poor  Hunger Free','yeshua','YouTube',356,200,'2023-11-23 12:35:39.532009','e81eb56d4219701a26375fe751f7a86c','https://i.ytimg.com/vi/dZnVVZ6zq9g/hqdefault.jpg',NULL);
INSERT INTO wagtailembeds_embed VALUES(18,'https://youtu.be/GWRnJr-JlcY',600,'video','<iframe width="356" height="200" src="https://www.youtube.com/embed/GWRnJr-JlcY?feature=oembed" frameborder="0" allow="accelerometer; autoplay; clipboard-write; encrypted-media; gyroscope; picture-in-picture; web-share" allowfullscreen title="Cornucopia of Hope: Planting Maize, Agricultural Solutions for a Hunger-Free Tomorrow in Karamoja."></iframe>','Cornucopia of Hope: Planting Maize, Agricultural Solutions for a Hunger-Free Tomorrow in Karamoja.','yeshua','YouTube',356,200,'2023-11-23 12:35:39.976670','4932783a5de481ad47f5e5db9d97ee8a','https://i.ytimg.com/vi/GWRnJr-JlcY/hqdefault.jpg',NULL);
CREATE TABLE IF NOT EXISTS "wagtailforms_formsubmission" ("id" integer NOT NULL PRIMARY KEY AUTOINCREMENT, "submit_time" datetime NOT NULL, "page_id" integer NOT NULL REFERENCES "wagtailcore_page" ("id") DEFERRABLE INITIALLY DEFERRED, "form_data" text NOT NULL CHECK ((JSON_VALID("form_data") OR "form_data" IS NULL)));
CREATE TABLE IF NOT EXISTS "wagtailredirects_redirect" ("id" integer NOT NULL PRIMARY KEY AUTOINCREMENT, "old_path" varchar(255) NOT NULL, "is_permanent" bool NOT NULL, "redirect_link" varchar(255) NOT NULL, "redirect_page_id" integer NULL REFERENCES "wagtailcore_page" ("id") DEFERRABLE INITIALLY DEFERRED, "site_id" integer NULL REFERENCES "wagtailcore_site" ("id") DEFERRABLE INITIALLY DEFERRED, "automatically_created" bool NOT NULL, "created_at" datetime NULL, "redirect_page_route_path" varchar(255) NOT NULL);
CREATE TABLE IF NOT EXISTS "wagtailsearch_query" ("id" integer NOT NULL PRIMARY KEY AUTOINCREMENT, "query_string" varchar(255) NOT NULL UNIQUE);
CREATE TABLE IF NOT EXISTS "wagtailsearch_querydailyhits" ("id" integer NOT NULL PRIMARY KEY AUTOINCREMENT, "date" date NOT NULL, "hits" integer NOT NULL, "query_id" integer NOT NULL REFERENCES "wagtailsearch_query" ("id") DEFERRABLE INITIALLY DEFERRED);
CREATE TABLE IF NOT EXISTS "wagtailsearch_indexentry" ("id" integer NOT NULL PRIMARY KEY AUTOINCREMENT, "object_id" varchar(50) NOT NULL, "title_norm" real NOT NULL, "content_type_id" integer NOT NULL REFERENCES "django_content_type" ("id") DEFERRABLE INITIALLY DEFERRED, "autocomplete" text NULL, "body" text NULL, "title" text NOT NULL);
INSERT INTO wagtailsearch_indexentry VALUES(1,'4',2.75,4,'Home','','Home');
INSERT INTO wagtailsearch_indexentry VALUES(2,'5',2.75,36,'Blog','','Blog');
INSERT INTO wagtailsearch_indexentry VALUES(3,'1',0.44000000000000003552,2,'PHOTO-2023-06-15-22-38-29 yeshua life karamoja feeding','yeshua life karamoja feeding','PHOTO-2023-06-15-22-38-29');
INSERT INTO wagtailsearch_indexentry VALUES(4,'2',0.64285714285714288251,2,'growing food Karamoja yeshua life Uganda karamoja','yeshua life Uganda karamoja','growing food Karamoja');
INSERT INTO wagtailsearch_indexentry VALUES(5,'3',0.71428571428571432377,2,'growing food karamoja','','growing food karamoja');
INSERT INTO wagtailsearch_indexentry VALUES(6,'4',0.79166666666666678509,2,'Karamoja Yeshua Life Karamoja Yeshua Life','Karamoja Yeshua Life','Karamoja Yeshua Life');
INSERT INTO wagtailsearch_indexentry VALUES(8,'6',2.0816326530612245804,2,'growing','','growing');
INSERT INTO wagtailsearch_indexentry VALUES(9,'6',0.31818181818181816566,37,'Agriculture systems Turning   Karamoja  Dry Land Into  Food Bucket','Karamoja can feed Africa It is a long established fact that a reader will be distracted by the readable content of a page when looking at its layout. The point of using Lorem Ipsum is that it has a more-or-less normal distribution of letters, as opposed to using ''Content here, content here'', making it look like readable English. Many desktop publishing packages and web page editors now use Lorem Ipsum as their default model text, and a search for ''lorem ipsum'' will uncover many web sites still in their infancy. Various versions have evolved over the years, sometimes by accident, sometimes on purpose (injected humour and the like).','Agriculture systems Turning   Karamoja  Dry Land Into  Food Bucket');
INSERT INTO wagtailsearch_indexentry VALUES(10,'7',0.49206349206349200287,2,'Empowering communities through essential clothing clothing feeding karamoja cry yeshualife ug Empowering communities through essential clothing','clothing feeding karamoja cry yeshualife ug Empowering communities through essential clothing','Empowering communities through essential clothing');
INSERT INTO wagtailsearch_indexentry VALUES(11,'8',1.3055555555555555802,2,'essential clothing Empowering communities through essential clothing','Empowering communities through essential clothing','essential clothing');
INSERT INTO wagtailsearch_indexentry VALUES(13,'9',1.226190476190476275,2,'Lack of Clothing in Karamoja Empowering communities through essential clothing, bedsheets, and mattresses. Together, let''s bridge gaps and cultivate comfort, resilience, and well-being. Lack of Clothing in Karamoja','Empowering communities through essential clothing, bedsheets, and mattresses. Together, let''s bridge gaps and cultivate comfort, resilience, and well-being. Lack of Clothing in Karamoja','Lack of Clothing in Karamoja');
INSERT INTO wagtailsearch_indexentry VALUES(14,'10',0.63292847503373828033,2,'Clothing we extend a helping hand with essential clothing Clothing we extend a helping hand with essential clothing','Clothing we extend a helping hand with essential clothing','Clothing we extend a helping hand with essential clothing');
INSERT INTO wagtailsearch_indexentry VALUES(16,'3',8.0166666666666674956,4,'Home','','Home');
INSERT INTO wagtailsearch_indexentry VALUES(17,'9',4.0083333333333337478,57,'Karamoja','','Karamoja');
INSERT INTO wagtailsearch_indexentry VALUES(18,'11',1.7326388888888888395,2,'Hunger in Karamoja Hunger in Karamoja','Hunger in Karamoja','Hunger in Karamoja');
INSERT INTO wagtailsearch_indexentry VALUES(19,'12',2.1554621848739494716,2,'hunger_image_1 Hunger in Karamoja','Hunger in Karamoja','hunger_image_1');
INSERT INTO wagtailsearch_indexentry VALUES(20,'13',1.6388888888888888395,2,'hunger_in_karamoja Karamoja Yeshua Life','Karamoja Yeshua Life','hunger_in_karamoja');
INSERT INTO wagtailsearch_indexentry VALUES(21,'10',0.35314091680814940765,58,'Unveiling the Causes, Cultivating Solutions for a Nourished and Climate-Resilient in Karamoja','This initiative seeks to expose the underlying causes, focusing on the impact of climate and land conditions. Transforming Adversity into Abundance in Area A through Sustainable Solutions for Hunger Alleviation.  Unveiling the Causes, Cultivating Solutions for a Nourished and Climate-Resilient in Karamoja delves into the intricate web of challenges contributing to hunger in a local community. This initiative seeks to expose the underlying causes, focusing on the impact of climate and land conditions.   Through an in-depth exploration, it aims to cultivate sustainable solutions, addressing the root issues and fostering resilience.    By understanding the unique challenges faced by Karamoja, the Yeshua life project aspires to sow the seeds of change, cultivating a future where the community not only overcomes immediate hunger but thrives in the face of environmental adversities, creating a lasting impact on local well-being','Unveiling the Causes, Cultivating Solutions for a Nourished and Climate-Resilient in Karamoja');
INSERT INTO wagtailsearch_indexentry VALUES(22,'14',1.4065217391304347671,2,'Hunger leading to death Karamoja Yeshua Life','Karamoja Yeshua Life','Hunger leading to death');
INSERT INTO wagtailsearch_indexentry VALUES(23,'15',2.248299319727891099,2,'Karamoja_2_no_ Karamoja Yeshua Life','Karamoja Yeshua Life','Karamoja_2_no_');
INSERT INTO wagtailsearch_indexentry VALUES(24,'16',1.6267942583732057926,2,'Karamoja_2_Karamoja fighting Hunger in Karamoja','fighting Hunger in Karamoja','Karamoja_2_Karamoja');
INSERT INTO wagtailsearch_indexentry VALUES(25,'17',1.2753623188405798227,2,'Karamoja Fighting Hunger','','Karamoja Fighting Hunger');
INSERT INTO wagtailsearch_indexentry VALUES(27,'11',0.44907407407407413657,58,'A Unified Front Against Hunger for a Sustained and Flourishing Tomorrow.','A Unified Front Against Hunger for a Sustained and Flourishing Tomorrow A United Endeavor Against Hunger for Flourishing Communities and Brighter Tomorrows.    A Unified Front Against Hunger for a Sustained and Flourishing Tomorrow in Karamoja people encapsulates a collaborative effort to combat the pervasive issue of hunger. This initiative brings together all Karamoja people , resources, and innovative solutions to break the chains of food insecurity. By fostering unity and awareness, the project strives to create a sustainable framework that nourishes every individual.   Through targeted interventions, such as community gardens, education, and support systems, it aims to transform the narrative of hunger into one of resilience and abundance. "Nourish Every Life" stands as a beacon of hope, illustrating the collective strength that can alleviate hunger and pave the way for a future where no one goes without nourishment.','A Unified Front Against Hunger for a Sustained and Flourishing Tomorrow.');
INSERT INTO wagtailsearch_indexentry VALUES(28,'19',1.3333333333333332593,2,'Karamoja Hunger fighting Karamoja Yeshua Life','Karamoja Yeshua Life','Karamoja Hunger fighting');
INSERT INTO wagtailsearch_indexentry VALUES(29,'12',0.40917516218721035059,58,'The initiative responsibility and hope, cultivating a future where every individual','The initiative fosters a sense of shared responsibility and hope, cultivating a future where every individual A United Endeavor Against Hunger for Flourishing Communities and Brighter Tomorrows" encapsulates a dynamic initiative uniting communities in a concerted effort to eradicate hunger. Through strategic collaboration, education, and sustainable practices, this project aims to transform the landscape of food insecurity.    By sowing the seeds of plenty, it envisions vibrant community gardens, empowered individuals, and a resilient network that collectively breaks the cycle of hunger. The initiative fosters a sense of shared responsibility and hope, cultivating a future where every individual has access to nourishing food, and communities thrive with newfound resilience and abundance. "Sow the Seeds of Plenty" symbolizes a collective commitment to building a world where hunger is replaced by the flourishing of communities.','The initiative responsibility and hope, cultivating a future where every individual');
INSERT INTO wagtailsearch_indexentry VALUES(30,'13',0.32141706924315620597,58,'Tackling Bedding, Mattress, and Food Shortages to Illuminate Paths of Comfort, Nourishment, and Resilience for All.','Tackling Bedding, Mattress, and Food Shortages to Illuminate Paths of Comfort, Nourishment, and Resilience for All ackling Bedding, Mattress, and Food Shortages to Illuminate Paths of Comfort, Nourishment, and Resilience for All" is a rallying cry for addressing critical shortages.  This initiative strives to bring light to the lives of those facing scarcity by bridging the gaps in bedding, mattresses, and food. By uniting efforts, it seeks to create a path towards comfort, nourishment, and resilience for all, breaking the cycle of deprivation.','Tackling Bedding, Mattress, and Food Shortages to Illuminate Paths of Comfort, Nourishment, and Resilience for All.');
INSERT INTO wagtailsearch_indexentry VALUES(31,'20',1.3086734693877553059,2,'PHOTO-2023-08-31-12-56-30 11','','PHOTO-2023-08-31-12-56-30 11');
INSERT INTO wagtailsearch_indexentry VALUES(32,'14',0.26572008113590261935,37,'One Elevate lives with our initiative, providing essential attire, bedsheets, and mattresses. Join us in fostering comfort and dignity for those in need.','Our commitment extends beyond mere provision, aiming to bridge gaps Bridging Essentials: Empowering Communities with Clothing, Bedsheets, and Mattresses for Dignity and Comfort.   In response to critical shortages, our comprehensive initiative addresses essential needsproviding clothing, bedsheets, and mattresses. We strive to empower communities, fostering a sense of comfort, dignity, and well-being.   Our commitment extends beyond mere provision, aiming to bridge gaps and cultivate lasting positive change. Through collective efforts, we work towards enhancing the lives of those in need, offering not only the practical necessities of clothing and bedding but also the intangible qualities of support, resilience, and hope. Join us on this impactful journey as we endeavor to make a meaningful difference and build a foundation of enduring comfort and care.','One Elevate lives with our initiative, providing essential attire, bedsheets, and mattresses. Join us in fostering comfort and dignity for those in need.');
INSERT INTO wagtailsearch_indexentry VALUES(33,'21',1.5143678160919540331,2,'Karamoja_2_Hunger_people Hunger in Karamoja','Hunger in Karamoja','Karamoja_2_Hunger_people');
INSERT INTO wagtailsearch_indexentry VALUES(34,'15',4.4249999999999998223,59,'Response','','Response');
PRAGMA writable_schema=ON;
INSERT INTO sqlite_schema(type,name,tbl_name,rootpage,sql)VALUES('table','wagtailsearch_indexentry_fts','wagtailsearch_indexentry_fts',0,'CREATE VIRTUAL TABLE wagtailsearch_indexentry_fts USING fts5(autocomplete, body, title)');
CREATE TABLE IF NOT EXISTS 'wagtailsearch_indexentry_fts_data'(id INTEGER PRIMARY KEY, block BLOB);
INSERT INTO wagtailsearch_indexentry_fts_data VALUES(1,X'1e8179862a8123');
INSERT INTO wagtailsearch_indexentry_fts_data VALUES(10,X'00000000020c8138000b1001010101010201010301010401010501010601010701010801010901010a01010001110102');
INSERT INTO wagtailsearch_indexentry_fts_data VALUES(137438953473,X'00000039023032210903010203010668756e67657221090401020401086b6172616d6f6a61210902010202010670656f706c6521090501020504090e10');
INSERT INTO wagtailsearch_indexentry_fts_data VALUES(274877906945,X'0000004b023032210903010203010668756e676572211104040101020102040102696e21080701010301086b6172616d6f6a6121110208010104010202010670656f706c652109050102050409120a14');
INSERT INTO wagtailsearch_indexentry_fts_data VALUES(412316860417,X'000004260230611517080101190f143c15010208020862756e64616e636515070101160209646472657373696e671507010157030976657273697469657315090101810309017915070101140203696d731507010152020a6c6c6576696174696f6e150701011f02016e150701014d03016415150a0101101a231401020a020372656115070101180206737069726573150701016a01056265696e6715090101810b02027574150701017c020179150901015e0801066361757365731513040101091b22010204020968616c6c656e67657315090101333104036e6765150701017002066c696d61746515130b01010f1c2101020b02086f6d6d756e697479150901013a3e03086e646974696f6e7315090101123b0409747269627574696e671507010134020772656174696e671509010181040208756c74697661746515070101540903696e6715110501012350010205010664656c766573150701012d0303707468150701014f010d656e7669726f6e6d656e74616c150901018102020a78706c6f726174696f6e150701015004036f736515090101063b010466616365150901018100050164150701016302076f637573696e67150901010a3b03017215110701011d0a010207030773746572696e67150701015c020575747572651507010173010668756e676572150b01011e1a470109696d6d656469617465150701017a030470616374150b01010d3b4302016e15170d010117160e193201020d0308697469617469766515090101033b0302746f15090101151b0406726963617465150701013002057373756573150701015a020174150701015101086b6172616d6f6a6115110e01012c3b01020e01046c616e6415090101113b03057374696e671509010181060203696665150701016802046f63616c15090101395201036e6f741507010177030775726973686564150f0901012701020901026f66150f01010e26172a1402016e150b01010b3b4603026c7915070101780208766572636f6d65731507010179010770726f6a6563741507010169010a726573696c69656e6365150701015d090174150f0c01012a01020c02036f6f74150701015901057365656473150701016e04026b7315090101043b02086f6c7574696f6e7315130601011c0a34010206030177150701016c020a75737461696e61626c65150901011b3c01037468651525030101070717101307150a08090a0c0102030302697315090101023b03057269766573150701017d04046f756768150901011a3402016f150f010105320b171a020b72616e73666f726d696e671507010113010a756e6465726c79696e6715090101083b06087374616e64696e67150701015f030469717565150701016103077665696c696e67150f020101200102020103776562150701013103026c6c15090101810a02046865726515070101740106796573687561150701016704100f1011080a11080f0a0d0d090913110a131010100f0f0f0d0a15110b0c080f0d0e0c0f100d10100a0d0c08140c0d0a0c0a120d0a090f0e110c0a0c0a150812190a0c0c0c12120f0b120a0a0b');
INSERT INTO wagtailsearch_indexentry_fts_data VALUES(549755813889,X'000004260230611517080101190f143c15010208020862756e64616e636515070101160209646472657373696e671507010157030976657273697469657315090101810309017915070101140203696d731507010152020a6c6c6576696174696f6e150701011f02016e150701014d03016415150a0101101a231401020a020372656115070101180206737069726573150701016a01056265696e6715090101810b02027574150701017c020179150901015e0801066361757365731513040101091b22010204020968616c6c656e67657315090101333104036e6765150701017002066c696d61746515130b01010f1c2101020b02086f6d6d756e697479150901013a3e03086e646974696f6e7315090101123b0409747269627574696e671507010134020772656174696e671509010181040208756c74697661746515070101540903696e6715110501012350010205010664656c766573150701012d0303707468150701014f010d656e7669726f6e6d656e74616c150901018102020a78706c6f726174696f6e150701015004036f736515090101063b010466616365150901018100050164150701016302076f637573696e67150901010a3b03017215110701011d0a010207030773746572696e67150701015c020575747572651507010173010668756e676572150b01011e1a470109696d6d656469617465150701017a030470616374150b01010d3b4302016e15170d010117160e193201020d0308697469617469766515090101033b0302746f15090101151b0406726963617465150701013002057373756573150701015a020174150701015101086b6172616d6f6a6115110e01012c3b01020e01046c616e6415090101113b03057374696e671509010181060203696665150701016802046f63616c15090101395201036e6f741507010177030775726973686564150f0901012701020901026f66150f01010e26172a1402016e150b01010b3b4603026c7915070101780208766572636f6d65731507010179010770726f6a6563741507010169010a726573696c69656e6365150701015d090174150f0c01012a01020c02036f6f74150701015901057365656473150701016e04026b7315090101043b02086f6c7574696f6e7315130601011c0a34010206030177150701016c020a75737461696e61626c65150901011b3c01037468651525030101070717101307150a08090a0c0102030302697315090101023b03057269766573150701017d04046f756768150901011a3402016f150f010105320b171a020b72616e73666f726d696e671507010113010a756e6465726c79696e6715090101083b06087374616e64696e67150701015f030469717565150701016103077665696c696e67150f020101200102020103776562150701013103026c6c15090101810a02046865726515070101740106796573687561150701016704100f1011080a11080f0a0d0d090913110a131010100f0f0f0d0a15110b0c080f0d0e0c0f100d10100a0d0c08140c0d0a0c0a120d0a090f0e110c0a0c0a150812190a0c0c0c12120f0b120a0a0b');
INSERT INTO wagtailsearch_indexentry_fts_data VALUES(687194767361,X'000000140930726573706f6e736522080201020204');
INSERT INTO wagtailsearch_indexentry_fts_data VALUES(824633720833,X'000000140930726573706f6e736522090201020204');
INSERT INTO wagtailsearch_indexentry_fts_data VALUES(962072674305,X'000000140930726573706f6e736522090201020204');
INSERT INTO wagtailsearch_indexentry_fts_data VALUES(1099511627777,X'000000140930726573706f6e736522090201020204');
INSERT INTO wagtailsearch_indexentry_fts_data VALUES(1236950581249,X'000003dc023061090f010108070c132a020763636964656e740907010167020566726963610907010105020a67726963756c7475726509090201020202026e64090b0101420f2002017309090101301c020174090701011b010262650907010110020575636b657409090a01020a020179090901011256010363616e090701010302066f6e74656e74090b0101152104010764656661756c74090701014c0305736b746f70090701013f02096973747261637465640907010111060769627574696f6e090701012d020272790909060102060107656469746f7273090701014502066e676c697368090701013d020a737461626c6973686564090701010a0206766f6c7665640907010161010466616374090701010b0203656564090701010402036f6f6409090901020903017209070101520103686173090701012703027665090701016002036572650909010135040205756d6f7572090701016c0102696e090701015b030566616e6379090701015d03066a6563746564090701016b0302746f09090801020802047073756d090b010123280d02017309090101071f020174090b0101062215030173090701011c01086b6172616d6f6a61090f0501010201020501046c616e640909070102070304796f7574090701011d0203657373090701012b03057474657273090701012f0203696b65090901013b3602036f6e67090701010903026f6b090701013a0503696e67090701011a030372656d090b010122280d01066d616b696e67090701013803026e79090901013e1b02046f64656c090701014d03027265090701012901066e6f726d616c090701012c030177090701014601026f66090b0101160c1002016e0907010169020670706f7365640907010131020172090701012a0203766572090701016201087061636b6167657309070101410302676509090101182e02046f696e74090701011f020975626c697368696e670907010140030572706f7365090701016a01087265616461626c6509090101142a05026572090701010e01067365617263680907010151020469746573090701015902086f6d6574696d6573090901016505020474696c6c090701015a0206797374656d73090903010203010474657874090701014e0203686174090901010c1b030165090d0101130d470d04026972090901014b1302016f0907010132020675726e696e670909040102040107756e636f76657209070101560202736509070101470303696e670909010121140107766172696f7573090701015e0207657273696f6e73090701015f0103776562090901014317020368656e09070101190203696c6c090901010f48010579656172730907010164040c0e0c120b0908090d090a0f0e0c100e0a0e0d110d0b0a0b080a090b0c090c0d0a0d090a08130c0b0a0c0b0a090a0c0d0a0b090d080b080d080a0f0a0b100c10090d0b100b0e0b0b0b0a080e0e090b0e0e0b0a0b');
INSERT INTO wagtailsearch_indexentry_fts_data VALUES(1374389534721,X'000003dc023061090f010108070c132a020763636964656e740907010167020566726963610907010105020a67726963756c7475726509090201020202026e64090b0101420f2002017309090101301c020174090701011b010262650907010110020575636b657409090a01020a020179090901011256010363616e090701010302066f6e74656e74090b0101152104010764656661756c74090701014c0305736b746f70090701013f02096973747261637465640907010111060769627574696f6e090701012d020272790909060102060107656469746f7273090701014502066e676c697368090701013d020a737461626c6973686564090701010a0206766f6c7665640907010161010466616374090701010b0203656564090701010402036f6f6409090901020903017209070101520103686173090701012703027665090701016002036572650909010135040205756d6f7572090701016c0102696e090701015b030566616e6379090701015d03066a6563746564090701016b0302746f09090801020802047073756d090b010123280d02017309090101071f020174090b0101062215030173090701011c01086b6172616d6f6a61090f0501010201020501046c616e640909070102070304796f7574090701011d0203657373090701012b03057474657273090701012f0203696b65090901013b3602036f6e67090701010903026f6b090701013a0503696e67090701011a030372656d090b010122280d01066d616b696e67090701013803026e79090901013e1b02046f64656c090701014d03027265090701012901066e6f726d616c090701012c030177090701014601026f66090b0101160c1002016e0907010169020670706f7365640907010131020172090701012a0203766572090701016201087061636b6167657309070101410302676509090101182e02046f696e74090701011f020975626c697368696e670907010140030572706f7365090701016a01087265616461626c6509090101142a05026572090701010e01067365617263680907010151020469746573090701015902086f6d6574696d6573090901016505020474696c6c090701015a0206797374656d73090903010203010474657874090701014e0203686174090901010c1b030165090d0101130d470d04026972090901014b1302016f0907010132020675726e696e670909040102040107756e636f76657209070101560202736509070101470303696e670909010121140107766172696f7573090701015e0207657273696f6e73090701015f0103776562090901014317020368656e09070101190203696c6c090901010f48010579656172730907010164040c0e0c120b0908090d090a0f0e0c100e0a0e0d110d0b0a0b080a090b0c090c0d0a0d090a08130c0b0a0c0b0a090a0c0d0a0b090d080b080d080a0f0a0b100c10090d0b100b0e0b0b0b0a080e0e090b0e0e0b0a0b');
INSERT INTO wagtailsearch_indexentry_fts_data VALUES(2199023255553,X'00000e28033030381f0804010204010231310c011308090102090201321f080601020601013221080301020302033032330c011308030102030201330c01010233301f08080102080201311f0805010205010235361f08070102070101610c010f22020801010208070d080b282713010202080220080101050a070e08270f0a1a07010208010801012326020a01012f4507020862756e64616e63651b0601016c020601016f020563636573731d0601016403056b6c696e671e06010112020864647265737365730c0114060101210803696e671e0601012702066761696e73741b12050101050d0d01020502060101150205696d696e670c011408010108370401731b06010160020601013302026c6c1b06010135031211010111123001021104066576696174651b0601017c0302736f0c01140601015e02026e640c010f1c0a01010a0d0d1b0f18111501020a021a0501010a12161c150f08010205011c050b0101050b090b22100102050b02220c0901011306120f0f1c0c120901020c090201730c010f080101581b050601016d020574746972650c0114080a01020a0208776172656e6573731b060101470106626561636f6e1b0601017303056464696e670c01121203010103122b010203020601015c04067368656574730c0114100b0101121601020b0303696e670c0114060101360304796f6e640c0114080101053702036c6f6702090201020202047265616b1b0601013d0603696e671e060101500601731d0601014e0304696467650c01140801010a370603696e670c011206010138020601010c040567687465721b06010116020601011b04026e671e0601012e0601731b06010133020475696c640c0114060101760603696e671d0601017a0301740c01140601015d0201791b06010143020801013b4801080101370b010363616e1b0601017b030272650c01140601017d02056861696e731b0601013f04036e67650c01140601014502076c6f7468696e670c01140a0101111637020c6f6c6c61626f726174696f6e1d0601012c0c0276651b0601012805066563746976650c010f06010178020601017703060101470b026c791d0601014d03046d6261741b0601012b0404666f72740c0112120c01010c123001020c0212120101181c4b01021204076d69746d656e740c0111060101780308010103370507756e69746965730c010f06010114020c0101190b491e030801010f200901791b060101590206010144040a70726568656e736976650c01140601011f03076e6365727465641d06010125020572656174651b0601014c0306010146030669746963616c0c011206010128020601011c0301791e060101250208756c7469766174650c0114060101420903696e671d100701010c53010207020479636c651d060101500106010152010b6465707269766174696f6e1e0601015402096966666572656e63650c0114060101740305676e6974790c011410140101161f0102140206796e616d69631d0601011f0109656475636174696f6e1b0601015b020601012d020566666f72741b0601012902060101260701730c011206010142020601014802066c65766174650c0114080301020302066d706f7765720c01140601012c080265641d060101460803696e670c01140601010e020b6e63617073756c617465731b06010126020601011d0306646561766f720c010f0601010f0206010114030601016f04057572696e670c01140601017a030768616e63696e670c01140601014c0307766973696f6e731d06010142020872616469636174651d0601012802087373656e7469616c0c01140e090101220102090a01730c01140601010d0204766572791b080101521e02100b0101105301020b02067874656e64730c011408010104370106666163696e671e06010135020769676874696e671c0804010204020a6c6f7572697368696e671b120b01010b0a1001020b02080101186d02036f6f641b06010141020801013930011206010106122b0102060301720c010f14070101070d0d67010207020601011701141001011012082a010210020e15010115010215030773746572696e670c010f06010144050e1101012e0102110701731d08010104530308756e646174696f6e0c011406010178020872616d65776f726b1b0601014f03036f6e741b100401010418010204020575747572651b080101810402100901010e530102090104676170730c01120601013a020801010b3703057264656e731b0601015a020601014502036f65731b080101810801036861731d0601016302036f70650c010f0601017502100601010b5301020603060101660205756e6765721b18060101060d0d163819010206010803010203010c010116152b2e040804010204010a696c6c756d696e6174651e10090101091201020905087374726174696e671b0601017602086d7061637466756c0c01140601016b02016e0c010f060101230206010123010601013b021410090101193a010210090308646976696475616c1b0601015302100c0101115301020c0b01731d06010147030869746961746976650c010f060101320212030101031f36010203010601012b020e0701012001020703086e6f7661746976651b0601013a030873656375726974791b06010142020601013a030874616e6769626c650c011406010160040a657276656e74696f6e731b0601015604016f1b060101670201731d0601017f010601012203037375651b0601012e0201741b0601015f0206010141010601014301046a6f696e0c01140e0e01016701020e030575726e65790c01140601016c01086b6172616d6f6a610c010f08010124140110020501010201020205080201020201096c616e6473636170651d0601013703057374696e670c01140601014302036966651b0601016f01080701010403036768741e0601012f03037665730c011206010132020e0401014e01020401046d616b650c01140601017103067474726573731e100401010412010204090265730c01120601013d02100d0101141601020d020965616e696e6766756c0c011406010173030272650c0114080101063701096e61727261746976651b06010164020a656365737369746965730c011406010158030265640c01140e180101520102180501730c011406010123030574776f726b1d0601014b030677666f756e641d0601016c02016f1b08010181060301740c011406010154030575726973681b0601016d080265731b060101510803696e671d0601016608046d656e741b080101810a03120d01010d123001020d01026f660c010f0e01012f1327060d0212010107330914091d1301140b01010b121a2201020b020e010131200c0b190306666572696e670c01140601015302016e0c0114060101690301651b080101682105080201020203026c790c011406010155020275720c011412060101021e1b0102060104706174681e060101480501731e100a01010a1201020a030276651b0601017f0205656f706c651b08010125140608050102050307727661736976651b0601012d0204686f746f1f080201020202056c656e74791d080101403602076f7369746976650c0114060101440208726163746963616c0c011406010157080265731d0601013003056f6a6563741b0601014902060101320406766964696e670c01140e08010124010208060473696f6e0c0114080101073701097175616c69746965730c011406010161010872616c6c79696e671e06010124020765706c616365641d0801018100030873696c69656e63650c010f0601016a020601016d01120f01010f123001020f02060101640901741d0601014a04066f75726365731b060101380405706f6e73650c01140601011a08076962696c6974791d100401010953010204010873636172636974791e060101360204656564731d0801013e3604026b731e0601014403036e73650c011108010106530306010130020568617265641d080101085303076f7274616765730c011212070101071214010207020601011d02086f6c7574696f6e731b0601013b0301771d060101700403696e671d0601013c020574616e64731b060101700307726174656769631d0601012b0405656e6774681b0601017904036976650c01140601012a0701731b0601014a030601012c02037563681b06010157030570706f72740c010f0601015d05060101630309737461696e61626c651b0601014e020601012f080265641b1009010109180102090209796d626f6c697a65731d0601017503057374656d731b0601015e01087461636b6c696e671e0e0201010201020203067267657465641b0601015502036861741b080101502c020601014c0301650c010f1001012c140c1d160b021a02010102360914062013010202010a0101310a1a020a01014d0b0b030269730c010f060101310206010131010601012a020601016a03036f73650c011206010134020e160101500102160304726976651d0601016a04046f7567680c010f06010154020601012a030601014602016f0c010f0c01012a141118020c0101270f331601160801010812170517010208020e0101091412153403066765746865721b0601013403066d6f72726f771b100c01010c1801020c0901731b06010117020601011c030577617264730c011206010149020601014b020872616e73666f726d1b0601016202060101350107756e69666965641b10030101031801020304037465641b0601010e02060101130503696e671d0601012101060101410501791b060101450201730c01140e0f01016801020f010776696272616e741d0601014301037761791b08010181010201650c01140a010129222703026c6c0c0114060101350204686572651b080101810502120a01010f531f01020a02036974680c01110601016b030e0501011001020505036f75741b080101810902036f726b0c01140601014a04026c641d0601017c01067965736875611c0806010103040a0c09090d050a090a37140c0c110a180f0d140d0b48100f0f0d19140c0e0b0b0a080e111109080d0a0a140a0b0c0c12130919090b1e161e0d130e111408110f101212130d15110f100f090c17190e100e0f150a16100d0f1d1b2b1909110f0f1713110b0a1b29160f112019082a0f141111080d0a12110e22100e100a150d1215120c10130f0a0c0d090a0c090a172f0f0a0f0b110b0d09130e0c0d10110911130e120f0f26080d0e130f0c09120d1b0f080a0c0e0c0c0d0a13150e100c130d102c1a150b172b0d120d1314130f0f080e0e0b0c0b17150b0c09');
INSERT INTO wagtailsearch_indexentry_fts_data VALUES(2336462209025,X'00000edf033030360308040102040101311308040102040201310c06010117020135030805010205010132170803010203010803010203020330323303080301020309060101160201320308060102060201330c0601011802013903080801020801023338030807010207010161090e010108070c132a030a01012f45070210050b0101050102050716080101190f143c15010208020862756e64616e63651506010116020763636964656e740906010167020864647265737365730c060101210803696e67150601015703097665727369746965731508010181030901791506010114020566726963610906010105020a67726963756c747572650908020102020205696d696e670c0601013d0401731506010152020a6c6c6576696174696f6e150601011f0302736f0c0601015e02016e150601014d030164090a0101420f2003220b0901011006150f0f1c0c120901020b0901100d0906010108090608140a0101101a231401020a0203726561150601011802017309080101301c030601016d03057069726573150601016a020174090601011b0304746972650c080901020901026265090601011003056464696e670c0601015c04067368656574730c100a01010f1901020a01080c0101070303696e670c0601013601081a01011508080101810b0304796f6e640c0601013a02036c6f67020802010202020572696467650c0601013f01081201010d0603696e670c06010109020575636b657409080a01020a0303696c640c060101760301740c0601015d090601017c0201790908010112560c0801015e08010363616e0906010103030272650c0601017d0304757365731512040101091b22010204020968616c6c656e67657315080101333104036e67650c06010145090601017002066c696d61746515120b01010f1c2101020b03066f7468696e670a1406030c0101020c01020601100307010106010203010a01010e19370114040914010106140102040118020a030a0101020a0102020a02096f6c6c6563746976650c0601014703056d666f72740c12110101151f4b01021101081601011104076d69746d656e740c060101380507756e69746965730a10030d010109010203010805010103010801010c23010808010103090179150801013a3e040a70726568656e736976650c0601011f03086e646974696f6e7315080101123b040474656e74090a010115210405087269627574696e671506010134020772656174696e67150801018104030669746963616c0c08010105190301790a080a0101050208756c7469766174650c0601014201081501011008060101540903696e67151005010123500102050105646561746816080501020503056661756c74090601014c03046c766573150601012d0303707468150601014f0305736b746f70090601013f02096966666572656e63650c060101740305676e6974790c101301011322010213030873747261637465640906010111060769627574696f6e090601012d020272790908060102060107656469746f72730906010145020666666f7274730c0601014802066c65766174650c080201020202066d706f7765720c0601012c0803696e670a10020d010108010202010804010102010601010b01080701010202076e646561766f720c0601016f04057572696e670c0601017a0305676c697368090601013d030768616e63696e670c0601014c030b7669726f6e6d656e74616c15080101810202087373656e7469616c0a10050d01010b01020501100207010105010202010e0801012201020801080a0101050110090b0101090102090a01730c0601010a03097461626c6973686564090601010a0206766f6c7665640906010161020a78706c6f726174696f6e150601015004036f736515080101063b030474656e640e10040b0101040102040701730c060101390104666163651508010181000501641506010163040174090601010b020365656409060101040503696e6703080c010105070808010103020769676874696e6718080501010201080301020302076f637573696e67150801010a3b03026f640408030102030108030102030408090102090301720906010152030e1401011201021409100701011d0a010207030773746572696e670c0e1001012e010210090601015c0308756e646174696f6e0c060101780205757475726515060101730104676170730c0601014001081301010e0206726f77696e67040802010202010802010202030802010202010468616e640e10070b01010701020703017309060101270302766509060101600206656c70696e670e10060b0101060102060302726509080101350402036f6d650108020102020f0802010202030270650c060101660205756d6f7572090601016c03046e6765721210020501010201020201100205010102010202010802010202010a01011e1a470108020102020208060101030108040102040105696d61676513080301020303076d656469617465150601017a030470616374150a01010d3b43070366756c0c0601016b02016e090601015b03180f0901010207143a01020f090110051b0101190102050510030501010301020301080601010301080301020301160d010117160e193201020d030807010104030566616e6379090601015d030869746961746976650c0e0601012001020609080101033b03066a6563746564090601016b030874616e6769626c650c0601016004016f0908080102080c080101151b0406726963617465150601013002047073756d090a010123280d02017309080101071f030473756573150601015a020174090a01010622150c06010151030173090601011c01046a6f696e0c0e0d01016701020d030575726e65790c0601016c01086b6172616d6f6a6103080b0101040110040601010501020401080401020401100205010102010202030e0501010201020501080901010402060101080110061b01011a010206040802010202011004050101040102040108070101040110040301010201020401100e01012c3b01020e0108060101020110020501010201020201140204060101050102020401080201020201046c61636b0d10021b01011601020203026e640908070102070c080101113b03057374696e670c060101430908010181060304796f7574090601011d0206656164696e6716080301020303027373090601012b0301740d081001010b040474657273090601012f020369666503080a010103010806010103021004050101040102040e0807010104010601016801080801010401080701010403026b65090801013b3603037665730c0e0301014e01020302046f63616c15080101395203026e67090601010903026f6b090601013a0503696e67090601011a030372656d090a010122280d01046d616b650c060101710403696e67090601013803026e79090801013e1b030874747265737365730c100c0101111901020c01080e010109020965616e696e6766756c0c06010173030272650c0601013b02046f64656c090601014d030272650906010129010b6e656365737369746965730c06010158030265640c0e170101520102170501730c0601012302016f1708040102040304726d616c090601012c0301740c060101540906010177030775726973686564150e09010127010209030177090601014601026f66090a0101160c10030e010131200c0b190110031b010117010203080e01010e26172a140306666572696e670c0601015302016e09060101690306010169090a01010b3b4603026c790c060101550906010178020670706f7365640906010131020172090601012a020275720c100501011e1b010205020376657209060101620505636f6d6573150601017901087061636b6167657309060101410302676509080101182e0204686f746f03080201020202046f696e74090601011f03067369746976650c060101440208726163746963616c0c0601015703056f6a65637415060101690406766964696e670c0e07010124010207060473696f6e0c0601013c020975626c697368696e670906010140030572706f7365090601016a01097175616c69746965730c0601016101087265616461626c6509080101142a05026572090601010e030873696c69656e63650c06010164010817010112080601015d090174150e0c01012a01020c0405706f6e73650c080101031902036f6f7415060101590101730d081101010c0205656172636809060101510303656473150601016e04026b7315080101043b03036e73650c060101300208686f7274616765730c0801010619020469746573090601015902086f6c7574696f6e7315120601011c0a3401020603076d6574696d6573090801016505030177150601016c020474696c6c090601015a0304726976650c0601012a02067570706f72740c060101630309737461696e61626c65150801011b3c0206797374656d73090803010203010474657874090601014e0203686174090801010c1b030165090c0101130d470d030a01014d0b0b0924030101070717101307150a08090a0c01020304026972090801014b13030269730c0601016a09080101023b03036f73650c0e1501015001021503057269766573150601017d04046f7567680a10040d01010a0102040108060101040106010146010809010104080801011a3402016f0906010132030e01010419121534090e010105320b171a01080401020403066765746865720d080f01010a030577617264730c0601014b020b72616e73666f726d696e671506010113020675726e696e67090804010204010275670a080c0101070304616e646104080701010402066e636f766572090601015603086465726c79696e6715080101083b06087374616e64696e67150601015f030469717565150601016103077665696c696e67150e020101200102020201730c0e0e01016801020e03016509060101470303696e670908010121140107766172696f7573090601015e0207657273696f6e73090601015f010277650c0a01012922270210030b0101030102030301620908010143170c0601013103026c6c0c0601013501081901011408080101810a020368656e09060101190402726515060101740203696c6c090801010f48030274680c0e0401010d0102040210080b01010801020802036f726b0c0601014a010579656172730906010164030473687561030809010102010805010102021003050101030102030e0806040a0908090f100908090a2a0f0e0f0a11080c120c08110908330a0e0c080c090c18160b0b120a0d0a0d0f0a0911110f133f10180e250911100d0f0f0e091a0f0d0c0b0a0c10110f0e0a0e0d0e0d200e0c0c0e133708100d110b10080c08080a11150f161b170f0c111a100809120a11090c390d0e0d0a490c190d0f0f0d0d090b0f080f0c81141010120b0e09090b320a0e0c09090a0c0b0a0a1a10090b09120d08090b0d1208270d140e0d080e0a0c0f0a0c0b0d0f0c110b100c1010091a0c0d0a090c0a0a0a100b150f080b0b0d110e0b0b260a0f0e0c27200e0c120e0a0c0d100f0b120c080b0e0e150e150a090b170a0c');
INSERT INTO wagtailsearch_indexentry_fts_data VALUES(2336462209026,X'0007002a01010315060101670108070101030108060101030b307965736875616c6966650a080b01010618');
CREATE TABLE IF NOT EXISTS 'wagtailsearch_indexentry_fts_idx'(segid, term, pgno, PRIMARY KEY(segid, term)) WITHOUT ROWID;
INSERT INTO wagtailsearch_indexentry_fts_idx VALUES(1,X'',2);
INSERT INTO wagtailsearch_indexentry_fts_idx VALUES(2,X'',2);
INSERT INTO wagtailsearch_indexentry_fts_idx VALUES(3,X'',2);
INSERT INTO wagtailsearch_indexentry_fts_idx VALUES(4,X'',2);
INSERT INTO wagtailsearch_indexentry_fts_idx VALUES(5,X'',2);
INSERT INTO wagtailsearch_indexentry_fts_idx VALUES(6,X'',2);
INSERT INTO wagtailsearch_indexentry_fts_idx VALUES(7,X'',2);
INSERT INTO wagtailsearch_indexentry_fts_idx VALUES(8,X'',2);
INSERT INTO wagtailsearch_indexentry_fts_idx VALUES(9,X'',2);
INSERT INTO wagtailsearch_indexentry_fts_idx VALUES(10,X'',2);
INSERT INTO wagtailsearch_indexentry_fts_idx VALUES(16,X'',2);
INSERT INTO wagtailsearch_indexentry_fts_idx VALUES(17,X'',2);
INSERT INTO wagtailsearch_indexentry_fts_idx VALUES(17,X'307965736875616c',4);
CREATE TABLE IF NOT EXISTS 'wagtailsearch_indexentry_fts_content'(id INTEGER PRIMARY KEY, c0, c1, c2);
INSERT INTO wagtailsearch_indexentry_fts_content VALUES(1,'Home','','Home');
INSERT INTO wagtailsearch_indexentry_fts_content VALUES(2,'Blog','','Blog');
INSERT INTO wagtailsearch_indexentry_fts_content VALUES(3,'PHOTO-2023-06-15-22-38-29 yeshua life karamoja feeding','yeshua life karamoja feeding','PHOTO-2023-06-15-22-38-29');
INSERT INTO wagtailsearch_indexentry_fts_content VALUES(4,'growing food Karamoja yeshua life Uganda karamoja','yeshua life Uganda karamoja','growing food Karamoja');
INSERT INTO wagtailsearch_indexentry_fts_content VALUES(5,'growing food karamoja','','growing food karamoja');
INSERT INTO wagtailsearch_indexentry_fts_content VALUES(6,'Karamoja Yeshua Life Karamoja Yeshua Life','Karamoja Yeshua Life','Karamoja Yeshua Life');
INSERT INTO wagtailsearch_indexentry_fts_content VALUES(8,'growing','','growing');
INSERT INTO wagtailsearch_indexentry_fts_content VALUES(9,'Agriculture systems Turning   Karamoja  Dry Land Into  Food Bucket','Karamoja can feed Africa It is a long established fact that a reader will be distracted by the readable content of a page when looking at its layout. The point of using Lorem Ipsum is that it has a more-or-less normal distribution of letters, as opposed to using ''Content here, content here'', making it look like readable English. Many desktop publishing packages and web page editors now use Lorem Ipsum as their default model text, and a search for ''lorem ipsum'' will uncover many web sites still in their infancy. Various versions have evolved over the years, sometimes by accident, sometimes on purpose (injected humour and the like).','Agriculture systems Turning   Karamoja  Dry Land Into  Food Bucket');
INSERT INTO wagtailsearch_indexentry_fts_content VALUES(10,'Empowering communities through essential clothing clothing feeding karamoja cry yeshualife ug Empowering communities through essential clothing','clothing feeding karamoja cry yeshualife ug Empowering communities through essential clothing','Empowering communities through essential clothing');
INSERT INTO wagtailsearch_indexentry_fts_content VALUES(11,'essential clothing Empowering communities through essential clothing','Empowering communities through essential clothing','essential clothing');
INSERT INTO wagtailsearch_indexentry_fts_content VALUES(13,'Lack of Clothing in Karamoja Empowering communities through essential clothing, bedsheets, and mattresses. Together, let''s bridge gaps and cultivate comfort, resilience, and well-being. Lack of Clothing in Karamoja','Empowering communities through essential clothing, bedsheets, and mattresses. Together, let''s bridge gaps and cultivate comfort, resilience, and well-being. Lack of Clothing in Karamoja','Lack of Clothing in Karamoja');
INSERT INTO wagtailsearch_indexentry_fts_content VALUES(14,'Clothing we extend a helping hand with essential clothing Clothing we extend a helping hand with essential clothing','Clothing we extend a helping hand with essential clothing','Clothing we extend a helping hand with essential clothing');
INSERT INTO wagtailsearch_indexentry_fts_content VALUES(16,'Home','','Home');
INSERT INTO wagtailsearch_indexentry_fts_content VALUES(17,'Karamoja','','Karamoja');
INSERT INTO wagtailsearch_indexentry_fts_content VALUES(18,'Hunger in Karamoja Hunger in Karamoja','Hunger in Karamoja','Hunger in Karamoja');
INSERT INTO wagtailsearch_indexentry_fts_content VALUES(19,'hunger_image_1 Hunger in Karamoja','Hunger in Karamoja','hunger_image_1');
INSERT INTO wagtailsearch_indexentry_fts_content VALUES(20,'hunger_in_karamoja Karamoja Yeshua Life','Karamoja Yeshua Life','hunger_in_karamoja');
INSERT INTO wagtailsearch_indexentry_fts_content VALUES(21,'Unveiling the Causes, Cultivating Solutions for a Nourished and Climate-Resilient in Karamoja','This initiative seeks to expose the underlying causes, focusing on the impact of climate and land conditions. Transforming Adversity into Abundance in Area A through Sustainable Solutions for Hunger Alleviation.  Unveiling the Causes, Cultivating Solutions for a Nourished and Climate-Resilient in Karamoja delves into the intricate web of challenges contributing to hunger in a local community. This initiative seeks to expose the underlying causes, focusing on the impact of climate and land conditions.   Through an in-depth exploration, it aims to cultivate sustainable solutions, addressing the root issues and fostering resilience.    By understanding the unique challenges faced by Karamoja, the Yeshua life project aspires to sow the seeds of change, cultivating a future where the community not only overcomes immediate hunger but thrives in the face of environmental adversities, creating a lasting impact on local well-being','Unveiling the Causes, Cultivating Solutions for a Nourished and Climate-Resilient in Karamoja');
INSERT INTO wagtailsearch_indexentry_fts_content VALUES(22,'Hunger leading to death Karamoja Yeshua Life','Karamoja Yeshua Life','Hunger leading to death');
INSERT INTO wagtailsearch_indexentry_fts_content VALUES(23,'Karamoja_2_no_ Karamoja Yeshua Life','Karamoja Yeshua Life','Karamoja_2_no_');
INSERT INTO wagtailsearch_indexentry_fts_content VALUES(24,'Karamoja_2_Karamoja fighting Hunger in Karamoja','fighting Hunger in Karamoja','Karamoja_2_Karamoja');
INSERT INTO wagtailsearch_indexentry_fts_content VALUES(25,'Karamoja Fighting Hunger','','Karamoja Fighting Hunger');
INSERT INTO wagtailsearch_indexentry_fts_content VALUES(27,'A Unified Front Against Hunger for a Sustained and Flourishing Tomorrow.','A Unified Front Against Hunger for a Sustained and Flourishing Tomorrow A United Endeavor Against Hunger for Flourishing Communities and Brighter Tomorrows.    A Unified Front Against Hunger for a Sustained and Flourishing Tomorrow in Karamoja people encapsulates a collaborative effort to combat the pervasive issue of hunger. This initiative brings together all Karamoja people , resources, and innovative solutions to break the chains of food insecurity. By fostering unity and awareness, the project strives to create a sustainable framework that nourishes every individual.   Through targeted interventions, such as community gardens, education, and support systems, it aims to transform the narrative of hunger into one of resilience and abundance. "Nourish Every Life" stands as a beacon of hope, illustrating the collective strength that can alleviate hunger and pave the way for a future where no one goes without nourishment.','A Unified Front Against Hunger for a Sustained and Flourishing Tomorrow.');
INSERT INTO wagtailsearch_indexentry_fts_content VALUES(28,'Karamoja Hunger fighting Karamoja Yeshua Life','Karamoja Yeshua Life','Karamoja Hunger fighting');
INSERT INTO wagtailsearch_indexentry_fts_content VALUES(29,'The initiative responsibility and hope, cultivating a future where every individual','The initiative fosters a sense of shared responsibility and hope, cultivating a future where every individual A United Endeavor Against Hunger for Flourishing Communities and Brighter Tomorrows" encapsulates a dynamic initiative uniting communities in a concerted effort to eradicate hunger. Through strategic collaboration, education, and sustainable practices, this project aims to transform the landscape of food insecurity.    By sowing the seeds of plenty, it envisions vibrant community gardens, empowered individuals, and a resilient network that collectively breaks the cycle of hunger. The initiative fosters a sense of shared responsibility and hope, cultivating a future where every individual has access to nourishing food, and communities thrive with newfound resilience and abundance. "Sow the Seeds of Plenty" symbolizes a collective commitment to building a world where hunger is replaced by the flourishing of communities.','The initiative responsibility and hope, cultivating a future where every individual');
INSERT INTO wagtailsearch_indexentry_fts_content VALUES(30,'Tackling Bedding, Mattress, and Food Shortages to Illuminate Paths of Comfort, Nourishment, and Resilience for All.','Tackling Bedding, Mattress, and Food Shortages to Illuminate Paths of Comfort, Nourishment, and Resilience for All ackling Bedding, Mattress, and Food Shortages to Illuminate Paths of Comfort, Nourishment, and Resilience for All" is a rallying cry for addressing critical shortages.  This initiative strives to bring light to the lives of those facing scarcity by bridging the gaps in bedding, mattresses, and food. By uniting efforts, it seeks to create a path towards comfort, nourishment, and resilience for all, breaking the cycle of deprivation.','Tackling Bedding, Mattress, and Food Shortages to Illuminate Paths of Comfort, Nourishment, and Resilience for All.');
INSERT INTO wagtailsearch_indexentry_fts_content VALUES(31,'PHOTO-2023-08-31-12-56-30 11','','PHOTO-2023-08-31-12-56-30 11');
INSERT INTO wagtailsearch_indexentry_fts_content VALUES(32,'One Elevate lives with our initiative, providing essential attire, bedsheets, and mattresses. Join us in fostering comfort and dignity for those in need.','Our commitment extends beyond mere provision, aiming to bridge gaps Bridging Essentials: Empowering Communities with Clothing, Bedsheets, and Mattresses for Dignity and Comfort.   In response to critical shortages, our comprehensive initiative addresses essential needsproviding clothing, bedsheets, and mattresses. We strive to empower communities, fostering a sense of comfort, dignity, and well-being.   Our commitment extends beyond mere provision, aiming to bridge gaps and cultivate lasting positive change. Through collective efforts, we work towards enhancing the lives of those in need, offering not only the practical necessities of clothing and bedding but also the intangible qualities of support, resilience, and hope. Join us on this impactful journey as we endeavor to make a meaningful difference and build a foundation of enduring comfort and care.','One Elevate lives with our initiative, providing essential attire, bedsheets, and mattresses. Join us in fostering comfort and dignity for those in need.');
INSERT INTO wagtailsearch_indexentry_fts_content VALUES(33,'Karamoja_2_Hunger_people Hunger in Karamoja','Hunger in Karamoja','Karamoja_2_Hunger_people');
INSERT INTO wagtailsearch_indexentry_fts_content VALUES(34,'Response','','Response');
CREATE TABLE IF NOT EXISTS 'wagtailsearch_indexentry_fts_docsize'(id INTEGER PRIMARY KEY, sz BLOB);
INSERT INTO wagtailsearch_indexentry_fts_docsize VALUES(1,X'010001');
INSERT INTO wagtailsearch_indexentry_fts_docsize VALUES(2,X'010001');
INSERT INTO wagtailsearch_indexentry_fts_docsize VALUES(3,X'0b0407');
INSERT INTO wagtailsearch_indexentry_fts_docsize VALUES(4,X'070403');
INSERT INTO wagtailsearch_indexentry_fts_docsize VALUES(5,X'030003');
INSERT INTO wagtailsearch_indexentry_fts_docsize VALUES(6,X'060303');
INSERT INTO wagtailsearch_indexentry_fts_docsize VALUES(8,X'010001');
INSERT INTO wagtailsearch_indexentry_fts_docsize VALUES(9,X'096e09');
INSERT INTO wagtailsearch_indexentry_fts_docsize VALUES(10,X'100b05');
INSERT INTO wagtailsearch_indexentry_fts_docsize VALUES(11,X'070502');
INSERT INTO wagtailsearch_indexentry_fts_docsize VALUES(13,X'1e1905');
INSERT INTO wagtailsearch_indexentry_fts_docsize VALUES(14,X'120909');
INSERT INTO wagtailsearch_indexentry_fts_docsize VALUES(16,X'010001');
INSERT INTO wagtailsearch_indexentry_fts_docsize VALUES(17,X'010001');
INSERT INTO wagtailsearch_indexentry_fts_docsize VALUES(18,X'060303');
INSERT INTO wagtailsearch_indexentry_fts_docsize VALUES(19,X'060303');
INSERT INTO wagtailsearch_indexentry_fts_docsize VALUES(20,X'060303');
INSERT INTO wagtailsearch_indexentry_fts_docsize VALUES(21,X'0d810a0d');
INSERT INTO wagtailsearch_indexentry_fts_docsize VALUES(22,X'070304');
INSERT INTO wagtailsearch_indexentry_fts_docsize VALUES(23,X'060303');
INSERT INTO wagtailsearch_indexentry_fts_docsize VALUES(24,X'070403');
INSERT INTO wagtailsearch_indexentry_fts_docsize VALUES(25,X'030003');
INSERT INTO wagtailsearch_indexentry_fts_docsize VALUES(27,X'0b81090b');
INSERT INTO wagtailsearch_indexentry_fts_docsize VALUES(28,X'060303');
INSERT INTO wagtailsearch_indexentry_fts_docsize VALUES(29,X'0b81040b');
INSERT INTO wagtailsearch_indexentry_fts_docsize VALUES(30,X'105310');
INSERT INTO wagtailsearch_indexentry_fts_docsize VALUES(31,X'080008');
INSERT INTO wagtailsearch_indexentry_fts_docsize VALUES(32,X'177c17');
INSERT INTO wagtailsearch_indexentry_fts_docsize VALUES(33,X'070304');
INSERT INTO wagtailsearch_indexentry_fts_docsize VALUES(34,X'010001');
CREATE TABLE IF NOT EXISTS 'wagtailsearch_indexentry_fts_config'(k PRIMARY KEY, v) WITHOUT ROWID;
INSERT INTO wagtailsearch_indexentry_fts_config VALUES('version',4);
CREATE TABLE IF NOT EXISTS "wagtailusers_userprofile" ("id" integer NOT NULL PRIMARY KEY AUTOINCREMENT, "submitted_notifications" bool NOT NULL, "approved_notifications" bool NOT NULL, "rejected_notifications" bool NOT NULL, "user_id" integer NOT NULL UNIQUE REFERENCES "auth_user" ("id") DEFERRABLE INITIALLY DEFERRED, "preferred_language" varchar(10) NOT NULL, "current_time_zone" varchar(40) NOT NULL, "avatar" varchar(100) NOT NULL, "updated_comments_notifications" bool NOT NULL, "dismissibles" text NOT NULL CHECK ((JSON_VALID("dismissibles") OR "dismissibles" IS NULL)), "theme" varchar(40) NOT NULL);
INSERT INTO wagtailusers_userprofile VALUES(1,1,1,1,1,'','','',1,'{}','system');
CREATE TABLE IF NOT EXISTS "karamoja_karamojaindexpage" ("page_ptr_id" integer NOT NULL PRIMARY KEY REFERENCES "wagtailcore_page" ("id") DEFERRABLE INITIALLY DEFERRED, "intro" varchar(200) NOT NULL, "body" text NOT NULL);
INSERT INTO karamoja_karamojaindexpage VALUES(9,'this is an Introduction page here','<p data-block-key="8m9ph">Here are some Details to present</p>');
CREATE TABLE IF NOT EXISTS "karamoja_karamojapage" ("page_ptr_id" integer NOT NULL PRIMARY KEY REFERENCES "wagtailcore_page" ("id") DEFERRABLE INITIALLY DEFERRED, "date" date NULL, "body" text NOT NULL, "intro" varchar(200) NOT NULL, "caption" varchar(250) NOT NULL, "image_id" integer NULL REFERENCES "wagtailimages_image" ("id") DEFERRABLE INITIALLY DEFERRED, "carousel" text NOT NULL CHECK ((JSON_VALID("carousel") OR "carousel" IS NULL)), "body_content" text NOT NULL CHECK ((JSON_VALID("body_content") OR "body_content" IS NULL)));
INSERT INTO karamoja_karamojapage VALUES(10,'2023-11-23','<h2 data-block-key="yvu6m"><b>Transforming Adversity into Abundance in Area A through Sustainable Solutions for Hunger Alleviation.</b></h2><p data-block-key="1j7fm"></p><p data-block-key="55q2q">Unveiling the Causes, Cultivating Solutions for a Nourished and Climate-Resilient in Karamoja delves into the intricate web of challenges contributing to hunger in a local community. This initiative seeks to expose the underlying causes, focusing on the impact of climate and land conditions.</p><p data-block-key="adud5"></p><embed alt="" embedtype="image" format="right" id="11"/><p data-block-key="c2dbg"></p><p data-block-key="6sb1j">Through an in-depth exploration, it aims to cultivate sustainable solutions, addressing the root issues and fostering resilience.</p><p data-block-key="dh99h"></p><p data-block-key="hea5"></p><embed alt="hunger_in_karamoja" embedtype="image" format="fullwidth" id="13"/><p data-block-key="bagk2"></p><p data-block-key="ake00">By understanding the unique challenges faced by Karamoja, the Yeshua life project aspires to sow the seeds of change, cultivating a future where the community not only overcomes immediate hunger but thrives in the face of environmental adversities, creating a lasting impact on local well-being</p><p data-block-key="6426s"></p><p data-block-key="bv0ad"></p><embed alt="Hunger leading to death" embedtype="image" format="fullwidth" id="14"/><p data-block-key="7mpui"></p>','This initiative seeks to expose the underlying causes, focusing on the impact of climate and land conditions.','Transforming Adversity into Abundance in Area A through Sustainable Solutions for Hunger Alleviation',9,'[]','[{"type": "section", "value": {"images": [{"type": "item", "value": {"image": 21, "title": "Karamoja People", "caption": "Fight Hunger with us"}, "id": "277783ef-4835-4441-96c7-a2abe2a56670"}, {"type": "item", "value": {"image": 12, "title": "Illuminating the Persistent Battle Against Hunger in the Heart of Karamajongs Resilience.", "caption": "Silent Struggles"}, "id": "6369755a-024c-425d-adee-c502d8044ced"}, {"type": "item", "value": {"image": 16, "title": "Fighting hunger in Karamoja", "caption": "Silent Struggles"}, "id": "aea79951-b245-4c3f-a8b9-42bed0e56604"}, {"type": "item", "value": {"image": 13, "title": "Battling Hunger-Induced Weakness, Cultivating Strength in the Heart of Resilient in Karamoja.", "caption": "Battling Hunger-Induced Weakness"}, "id": "e42be58a-a6f4-49bd-94d5-ce23ca954002"}, {"type": "item", "value": {"image": 15, "title": "", "caption": ""}, "id": "066234d4-bbc8-4dea-82f1-022bfc1b556f"}, {"type": "item", "value": {"image": 14, "title": "Tracing the Lethal Path from Hunger to the Brink of Survival in Struggling Karamoja region.\"", "caption": "Desperation''s Toll"}, "id": "2d9d20c6-ecca-44fb-95c2-4ceda5211a26"}], "videos": [{"type": "item", "value": {"video_url": "", "title": "", "caption": ""}, "id": "aed8b7b4-f21a-457e-a156-a7dfb38c33df"}]}, "id": "0c6b465d-f570-4a59-a277-3bbcdd49f99d"}]');
INSERT INTO karamoja_karamojapage VALUES(11,'2023-11-24','<h2 data-block-key="53rfi"><b>A United Endeavor Against Hunger for Flourishing Communities and Brighter Tomorrows.</b></h2><p data-block-key="29sk1"></p><embed alt="hunger_image_1" embedtype="image" format="fullwidth" id="12"/><p data-block-key="bfek"></p><p data-block-key="d0p7b"></p><p data-block-key="5vu85">A Unified Front Against Hunger for a Sustained and Flourishing Tomorrow in Karamoja people encapsulates a collaborative effort to combat the pervasive issue of hunger. This initiative brings together all Karamoja people , resources, and innovative solutions to break the chains of food insecurity. By fostering unity and awareness, the project strives to create a sustainable framework that nourishes every individual.</p><p data-block-key="a3llo"></p><embed alt="Karamoja_2_Karamoja" embedtype="image" format="fullwidth" id="16"/><p data-block-key="5v1k6"></p><p data-block-key="frshe">Through targeted interventions, such as community gardens, education, and support systems, it aims to transform the narrative of hunger into one of resilience and abundance. &quot;Nourish Every Life&quot; stands as a beacon of hope, illustrating the collective strength that can alleviate hunger and pave the way for a future where no one goes without nourishment.</p>','A Unified Front Against Hunger for a Sustained and Flourishing Tomorrow','',17,'[]','[]');
INSERT INTO karamoja_karamojapage VALUES(12,'2023-11-24','<p data-block-key="94x86"></p><p data-block-key="a5pkg">A United Endeavor Against Hunger for Flourishing Communities and Brighter Tomorrows&quot; encapsulates a dynamic initiative uniting communities in a concerted effort to eradicate hunger. Through strategic collaboration, education, and sustainable practices, this project aims to transform the landscape of food insecurity. </p><p data-block-key="8giu9"></p><embed alt="hunger_in_karamoja" embedtype="image" format="fullwidth" id="13"/><p data-block-key="dtniu"></p><p data-block-key="50eu0">By sowing the seeds of plenty, it envisions vibrant community gardens, empowered individuals, and a resilient network that collectively breaks the cycle of hunger. The initiative fosters a sense of shared responsibility and hope, cultivating a future where every individual has access to nourishing food, and communities thrive with newfound resilience and abundance. &quot;Sow the Seeds of Plenty&quot; symbolizes a collective commitment to building a world where hunger is replaced by the flourishing of communities.</p>','The initiative fosters a sense of shared responsibility and hope, cultivating a future where every individual','',19,'[]','[]');
INSERT INTO karamoja_karamojapage VALUES(13,'2023-11-24','<p data-block-key="nxgy6">ackling Bedding, Mattress, and Food Shortages to Illuminate Paths of Comfort, Nourishment, and Resilience for All&quot; is a rallying cry for addressing critical shortages.</p><p data-block-key="4lfbg"></p><p data-block-key="4guu1">This initiative strives to bring light to the lives of those facing scarcity by bridging the gaps in bedding, mattresses, and food. By uniting efforts, it seeks to create a path towards comfort, nourishment, and resilience for all, breaking the cycle of deprivation.</p>','Tackling Bedding, Mattress, and Food Shortages to Illuminate Paths of Comfort, Nourishment, and Resilience for All','',10,'[]','[]');
CREATE TABLE IF NOT EXISTS "blog_blogpage" ("page_ptr_id" integer NOT NULL PRIMARY KEY REFERENCES "wagtailcore_page" ("id") DEFERRABLE INITIALLY DEFERRED, "date" date NULL, "body" text NOT NULL, "intro" varchar(200) NOT NULL, "caption" varchar(250) NOT NULL, "image_id" integer NULL REFERENCES "wagtailimages_image" ("id") DEFERRABLE INITIALLY DEFERRED, "body_content" text NOT NULL CHECK ((JSON_VALID("body_content") OR "body_content" IS NULL)));
INSERT INTO blog_blogpage VALUES(6,'2023-11-22','<p data-block-key="8zbmb">It is a long established fact that a reader will be distracted by the readable content of a page when looking at its layout. The point of using Lorem Ipsum is that it has a more-or-less normal distribution of letters, as opposed to using &#x27;Content here, content here&#x27;, making it look like readable English. Many desktop publishing packages and web page editors now use Lorem Ipsum as their default model text, and a search for &#x27;lorem ipsum&#x27; will uncover many web sites still in their infancy. Various versions have evolved over the years, sometimes by accident, sometimes on purpose (injected humour and the like).</p>','Karamoja can feed Africa','',1,'[{"type": "section", "value": {"images": [{"type": "item", "value": {"image": null, "title": "", "caption": ""}, "id": "54063a85-0c4c-4b4f-a599-c5821c94217f"}, {"type": "item", "value": {"image": null, "title": "", "caption": ""}, "id": "bf6ed66f-7f2c-4a48-bf3d-f1182f0a8bff"}, {"type": "item", "value": {"image": null, "title": "", "caption": ""}, "id": "5e9e4099-ce35-4748-96dc-afcec235c3cf"}, {"type": "item", "value": {"image": null, "title": "", "caption": ""}, "id": "3d310bbc-7145-46f5-a9d7-642377f9b2b5"}], "videos": [{"type": "item", "value": {"video_url": "https://www.youtube.com/embed/LArV6sJ370U", "caption": "Sowing Hope: Battling Karamoja Hunger Through Plowing"}, "id": "8d9b789b-3eaf-4075-b449-f2976f7207c3"}, {"type": "item", "value": {"video_url": "https://www.youtube.com/embed/dZnVVZ6zq9g", "caption": "The focus on Karamoja by Yeshualife  extends beyond mere cultivation, emphasizing community engagement and empowerment"}, "id": "80da5d8c-ebf5-4d10-9c2a-9dfcfacf3d7c"}, {"type": "item", "value": {"video_url": "https://www.youtube.com/embed/Zd_X0NrRk_Q", "caption": "Empowering Karamoja  with Combine Harvesters to Combat Hunger and Foster Sustainable Food Security."}, "id": "5716a216-0e32-420c-b2de-855485b584ab"}, {"type": "item", "value": {"video_url": "https://www.youtube.com/embed/2wwqDnNfIOU", "caption": ""}, "id": "88a5cc8c-88b9-4c2b-8b57-ec826a6415d4"}, {"type": "item", "value": {"video_url": "https://www.youtube.com/embed/GWRnJr-JlcY", "caption": "This project aims to combat hunger by strategically planting maize, a staple crop that symbolizes sustenance and abundance"}, "id": "a23276e8-d5c9-495d-bdeb-b1fe8bc0735b"}]}, "id": "1b7c07b0-efe0-40ba-8642-376e008841ce"}]');
INSERT INTO blog_blogpage VALUES(14,'2023-11-24','<p data-block-key="6wwkn"><b>Bridging Essentials: Empowering Communities with Clothing, Bedsheets, and Mattresses for Dignity and Comfort.</b></p><p data-block-key="8gg9l"></p><embed alt="Clothing we extend a helping hand with essential clothing" embedtype="image" format="fullwidth" id="10"/><p data-block-key="3lbsu"></p><p data-block-key="bqrll">In response to critical shortages, our comprehensive initiative addresses essential needsproviding clothing, bedsheets, and mattresses. We strive to empower communities, fostering a sense of comfort, dignity, and well-being.</p><p data-block-key="ddapb"></p><embed alt="PHOTO-2023-08-31-12-56-30 11" embedtype="image" format="fullwidth" id="20"/><p data-block-key="abf84"></p><p data-block-key="uuki">Our commitment extends beyond mere provision, aiming to bridge gaps and cultivate lasting positive change. Through collective efforts, we work towards enhancing the lives of those in need, offering not only the practical necessities of clothing and bedding but also the intangible qualities of support, resilience, and hope. Join us on this impactful journey as we endeavor to make a meaningful difference and build a foundation of enduring comfort and care.</p>','Our commitment extends beyond mere provision, aiming to bridge gaps','',9,'[]');
CREATE TABLE IF NOT EXISTS "karamoja_response_karamojaresponseindexpage" ("page_ptr_id" integer NOT NULL PRIMARY KEY REFERENCES "wagtailcore_page" ("id") DEFERRABLE INITIALLY DEFERRED, "intro" varchar(200) NOT NULL, "body" text NOT NULL);
INSERT INTO karamoja_response_karamojaresponseindexpage VALUES(15,'This is the Introduction page for Response','');
CREATE TABLE IF NOT EXISTS "karamoja_response_karamojaresponsepage" ("page_ptr_id" integer NOT NULL PRIMARY KEY REFERENCES "wagtailcore_page" ("id") DEFERRABLE INITIALLY DEFERRED, "date" date NULL, "body" text NOT NULL, "intro" varchar(200) NOT NULL, "caption" varchar(250) NOT NULL, "carousel" text NOT NULL CHECK ((JSON_VALID("carousel") OR "carousel" IS NULL)), "body_content" text NOT NULL CHECK ((JSON_VALID("body_content") OR "body_content" IS NULL)), "image_id" integer NULL REFERENCES "wagtailimages_image" ("id") DEFERRABLE INITIALLY DEFERRED);
DELETE FROM sqlite_sequence;
INSERT INTO sqlite_sequence VALUES('django_migrations',217);
INSERT INTO sqlite_sequence VALUES('django_admin_log',0);
INSERT INTO sqlite_sequence VALUES('django_content_type',60);
INSERT INTO sqlite_sequence VALUES('auth_permission',243);
INSERT INTO sqlite_sequence VALUES('auth_group',2);
INSERT INTO sqlite_sequence VALUES('auth_user',1);
INSERT INTO sqlite_sequence VALUES('wagtailcore_collection',1);
INSERT INTO sqlite_sequence VALUES('auth_group_permissions',16);
INSERT INTO sqlite_sequence VALUES('wagtailcore_groupcollectionpermission',10);
INSERT INTO sqlite_sequence VALUES('wagtailimages_image',21);
INSERT INTO sqlite_sequence VALUES('wagtailimages_rendition',256);
INSERT INTO sqlite_sequence VALUES('wagtailcore_pageviewrestriction',0);
INSERT INTO sqlite_sequence VALUES('wagtailcore_site',2);
INSERT INTO sqlite_sequence VALUES('wagtailcore_task',1);
INSERT INTO sqlite_sequence VALUES('wagtailcore_groupapprovaltask_groups',1);
INSERT INTO sqlite_sequence VALUES('wagtailcore_workflow',1);
INSERT INTO sqlite_sequence VALUES('wagtailcore_workflowtask',1);
INSERT INTO sqlite_sequence VALUES('wagtailcore_locale',1);
INSERT INTO sqlite_sequence VALUES('wagtailcore_page',15);
INSERT INTO sqlite_sequence VALUES('wagtailcore_comment',0);
INSERT INTO sqlite_sequence VALUES('wagtailcore_revision',35);
INSERT INTO sqlite_sequence VALUES('wagtailcore_taskstate',0);
INSERT INTO sqlite_sequence VALUES('wagtailcore_workflowstate',0);
INSERT INTO sqlite_sequence VALUES('wagtailcore_grouppagepermission',7);
INSERT INTO sqlite_sequence VALUES('wagtailcore_modellogentry',2);
INSERT INTO sqlite_sequence VALUES('wagtailcore_pagelogentry',85);
INSERT INTO sqlite_sequence VALUES('taggit_tag',11);
INSERT INTO sqlite_sequence VALUES('wagtaildocs_document',0);
INSERT INTO sqlite_sequence VALUES('wagtailembeds_embed',18);
INSERT INTO sqlite_sequence VALUES('wagtailforms_formsubmission',0);
INSERT INTO sqlite_sequence VALUES('wagtailredirects_redirect',0);
INSERT INTO sqlite_sequence VALUES('wagtailsearch_indexentry',34);
INSERT INTO sqlite_sequence VALUES('wagtailusers_userprofile',1);
INSERT INTO sqlite_sequence VALUES('wagtailcore_pagesubscription',13);
INSERT INTO sqlite_sequence VALUES('wagtailcore_referenceindex',49);
INSERT INTO sqlite_sequence VALUES('taggit_taggeditem',18);
CREATE UNIQUE INDEX "auth_group_permissions_group_id_permission_id_0cd325b0_uniq" ON "auth_group_permissions" ("group_id", "permission_id");
CREATE INDEX "auth_group_permissions_group_id_b120cbf9" ON "auth_group_permissions" ("group_id");
CREATE INDEX "auth_group_permissions_permission_id_84c5c92e" ON "auth_group_permissions" ("permission_id");
CREATE UNIQUE INDEX "auth_user_groups_user_id_group_id_94350c0c_uniq" ON "auth_user_groups" ("user_id", "group_id");
CREATE INDEX "auth_user_groups_user_id_6a12ed8b" ON "auth_user_groups" ("user_id");
CREATE INDEX "auth_user_groups_group_id_97559544" ON "auth_user_groups" ("group_id");
CREATE UNIQUE INDEX "auth_user_user_permissions_user_id_permission_id_14a6b632_uniq" ON "auth_user_user_permissions" ("user_id", "permission_id");
CREATE INDEX "auth_user_user_permissions_user_id_a95ead1b" ON "auth_user_user_permissions" ("user_id");
CREATE INDEX "auth_user_user_permissions_permission_id_1fbb5f2c" ON "auth_user_user_permissions" ("permission_id");
CREATE INDEX "django_admin_log_content_type_id_c4bce8eb" ON "django_admin_log" ("content_type_id");
CREATE INDEX "django_admin_log_user_id_c564eba6" ON "django_admin_log" ("user_id");
CREATE UNIQUE INDEX "django_content_type_app_label_model_76bd3d3b_uniq" ON "django_content_type" ("app_label", "model");
CREATE UNIQUE INDEX "auth_permission_content_type_id_codename_01ab375a_uniq" ON "auth_permission" ("content_type_id", "codename");
CREATE INDEX "auth_permission_content_type_id_2f476e4b" ON "auth_permission" ("content_type_id");
CREATE UNIQUE INDEX "wagtailcore_groupcollectionpermission_group_id_collection_id_permission_id_a21cefe9_uniq" ON "wagtailcore_groupcollectionpermission" ("group_id", "collection_id", "permission_id");
CREATE INDEX "wagtailcore_groupcollectionpermission_collection_id_5423575a" ON "wagtailcore_groupcollectionpermission" ("collection_id");
CREATE INDEX "wagtailcore_groupcollectionpermission_group_id_05d61460" ON "wagtailcore_groupcollectionpermission" ("group_id");
CREATE INDEX "wagtailcore_groupcollectionpermission_permission_id_1b626275" ON "wagtailcore_groupcollectionpermission" ("permission_id");
CREATE INDEX "taggit_taggeditem_object_id_e2d7d1df" ON "taggit_taggeditem" ("object_id");
CREATE INDEX "taggit_taggeditem_content_type_id_9957a03c" ON "taggit_taggeditem" ("content_type_id");
CREATE INDEX "taggit_taggeditem_tag_id_f4f5b767" ON "taggit_taggeditem" ("tag_id");
CREATE INDEX "wagtailimages_uploadedimage_uploaded_by_user_id_85921689" ON "wagtailimages_uploadedimage" ("uploaded_by_user_id");
CREATE INDEX "wagtailimages_image_created_at_86fa6cd4" ON "wagtailimages_image" ("created_at");
CREATE INDEX "wagtailimages_image_uploaded_by_user_id_5d73dc75" ON "wagtailimages_image" ("uploaded_by_user_id");
CREATE INDEX "wagtailimages_image_collection_id_c2f8af7e" ON "wagtailimages_image" ("collection_id");
CREATE INDEX "wagtailimages_image_file_hash_fb5bbb23" ON "wagtailimages_image" ("file_hash");
CREATE UNIQUE INDEX "wagtailimages_rendition_image_id_filter_spec_focal_point_key_323c8fe0_uniq" ON "wagtailimages_rendition" ("image_id", "filter_spec", "focal_point_key");
CREATE INDEX "wagtailimages_rendition_filter_spec_1cba3201" ON "wagtailimages_rendition" ("filter_spec");
CREATE INDEX "wagtailimages_rendition_image_id_3e1fd774" ON "wagtailimages_rendition" ("image_id");
CREATE UNIQUE INDEX "wagtailcore_pageviewrestriction_groups_pageviewrestriction_id_group_id_d23f80bb_uniq" ON "wagtailcore_pageviewrestriction_groups" ("pageviewrestriction_id", "group_id");
CREATE INDEX "wagtailcore_pageviewrestriction_groups_pageviewrestriction_id_f147a99a" ON "wagtailcore_pageviewrestriction_groups" ("pageviewrestriction_id");
CREATE INDEX "wagtailcore_pageviewrestriction_groups_group_id_6460f223" ON "wagtailcore_pageviewrestriction_groups" ("group_id");
CREATE INDEX "wagtailcore_pageviewrestriction_page_id_15a8bea6" ON "wagtailcore_pageviewrestriction" ("page_id");
CREATE INDEX "wagtailcore_collectionviewrestriction_collection_id_761908ec" ON "wagtailcore_collectionviewrestriction" ("collection_id");
CREATE UNIQUE INDEX "wagtailcore_collectionviewrestriction_groups_collectionviewrestriction_id_group_id_988995ae_uniq" ON "wagtailcore_collectionviewrestriction_groups" ("collectionviewrestriction_id", "group_id");
CREATE INDEX "wagtailcore_collectionviewrestriction_groups_collectionviewrestriction_id_47320efd" ON "wagtailcore_collectionviewrestriction_groups" ("collectionviewrestriction_id");
CREATE INDEX "wagtailcore_collectionviewrestriction_groups_group_id_1823f2a3" ON "wagtailcore_collectionviewrestriction_groups" ("group_id");
CREATE UNIQUE INDEX "wagtailcore_site_hostname_port_2c626d70_uniq" ON "wagtailcore_site" ("hostname", "port");
CREATE INDEX "wagtailcore_site_hostname_96b20b46" ON "wagtailcore_site" ("hostname");
CREATE INDEX "wagtailcore_site_root_page_id_e02fb95c" ON "wagtailcore_site" ("root_page_id");
CREATE INDEX "wagtailcore_task_content_type_id_249ab8ba" ON "wagtailcore_task" ("content_type_id");
CREATE INDEX "wagtailcore_workflowpage_workflow_id_56f56ff6" ON "wagtailcore_workflowpage" ("workflow_id");
CREATE UNIQUE INDEX "wagtailcore_workflowtask_workflow_id_task_id_4ec7a62b_uniq" ON "wagtailcore_workflowtask" ("workflow_id", "task_id");
CREATE INDEX "wagtailcore_workflowtask_task_id_ce7716fe" ON "wagtailcore_workflowtask" ("task_id");
CREATE INDEX "wagtailcore_workflowtask_workflow_id_b9717175" ON "wagtailcore_workflowtask" ("workflow_id");
CREATE UNIQUE INDEX "wagtailcore_groupapprovaltask_groups_groupapprovaltask_id_group_id_bb5ee7eb_uniq" ON "wagtailcore_groupapprovaltask_groups" ("groupapprovaltask_id", "group_id");
CREATE INDEX "wagtailcore_groupapprovaltask_groups_groupapprovaltask_id_9a9255ea" ON "wagtailcore_groupapprovaltask_groups" ("groupapprovaltask_id");
CREATE INDEX "wagtailcore_groupapprovaltask_groups_group_id_2e64b61f" ON "wagtailcore_groupapprovaltask_groups" ("group_id");
CREATE UNIQUE INDEX "wagtailcore_page_translation_key_locale_id_9b041bad_uniq" ON "wagtailcore_page" ("translation_key", "locale_id");
CREATE INDEX "wagtailcore_page_slug_e7c11b8f" ON "wagtailcore_page" ("slug");
CREATE INDEX "wagtailcore_page_content_type_id_c28424df" ON "wagtailcore_page" ("content_type_id");
CREATE INDEX "wagtailcore_page_owner_id_fbf7c332" ON "wagtailcore_page" ("owner_id");
CREATE INDEX "wagtailcore_page_first_published_at_2b5dd637" ON "wagtailcore_page" ("first_published_at");
CREATE INDEX "wagtailcore_page_live_revision_id_930bd822" ON "wagtailcore_page" ("live_revision_id");
CREATE INDEX "wagtailcore_page_locked_by_id_bcb86245" ON "wagtailcore_page" ("locked_by_id");
CREATE INDEX "wagtailcore_page_locale_id_3c7e30a6" ON "wagtailcore_page" ("locale_id");
CREATE INDEX "wagtailcore_page_alias_of_id_12945502" ON "wagtailcore_page" ("alias_of_id");
CREATE INDEX "wagtailcore_commentreply_comment_id_afc7e027" ON "wagtailcore_commentreply" ("comment_id");
CREATE INDEX "wagtailcore_commentreply_user_id_d0b3b9c3" ON "wagtailcore_commentreply" ("user_id");
CREATE UNIQUE INDEX "wagtailcore_pagesubscription_page_id_user_id_0cef73ed_uniq" ON "wagtailcore_pagesubscription" ("page_id", "user_id");
CREATE INDEX "wagtailcore_pagesubscription_page_id_a085e7a6" ON "wagtailcore_pagesubscription" ("page_id");
CREATE INDEX "wagtailcore_pagesubscription_user_id_89d7def9" ON "wagtailcore_pagesubscription" ("user_id");
CREATE INDEX "wagtailcore_comment_page_id_108444b5" ON "wagtailcore_comment" ("page_id");
CREATE INDEX "wagtailcore_comment_resolved_by_id_a282aa0e" ON "wagtailcore_comment" ("resolved_by_id");
CREATE INDEX "wagtailcore_comment_user_id_0c577ca6" ON "wagtailcore_comment" ("user_id");
CREATE INDEX "wagtailcore_comment_revision_created_id_1d058279" ON "wagtailcore_comment" ("revision_created_id");
CREATE INDEX "wagtailcore_page_latest_revision_id_e60fef51" ON "wagtailcore_page" ("latest_revision_id");
CREATE INDEX "wagtailcore_revision_submitted_for_moderation_362afbff" ON "wagtailcore_revision" ("submitted_for_moderation");
CREATE INDEX "wagtailcore_revision_created_at_81450aa6" ON "wagtailcore_revision" ("created_at");
CREATE INDEX "wagtailcore_revision_approved_go_live_at_88d3dee5" ON "wagtailcore_revision" ("approved_go_live_at");
CREATE INDEX "wagtailcore_revision_user_id_03df83b0" ON "wagtailcore_revision" ("user_id");
CREATE INDEX "wagtailcore_revision_content_type_id_c8cb69c0" ON "wagtailcore_revision" ("content_type_id");
CREATE INDEX "wagtailcore_revision_base_content_type_id_5b4ef7bd" ON "wagtailcore_revision" ("base_content_type_id");
CREATE INDEX "content_object_idx" ON "wagtailcore_revision" ("content_type_id", "object_id");
CREATE INDEX "base_content_object_idx" ON "wagtailcore_revision" ("base_content_type_id", "object_id");
CREATE UNIQUE INDEX "wagtailcore_referenceindex_base_content_type_id_object_id_to_content_type_id_to_object_id_content_path_hash_9e6ccd6a_uniq" ON "wagtailcore_referenceindex" ("base_content_type_id", "object_id", "to_content_type_id", "to_object_id", "content_path_hash");
CREATE INDEX "wagtailcore_referenceindex_base_content_type_id_313cf40f" ON "wagtailcore_referenceindex" ("base_content_type_id");
CREATE INDEX "wagtailcore_referenceindex_content_type_id_766e0336" ON "wagtailcore_referenceindex" ("content_type_id");
CREATE INDEX "wagtailcore_referenceindex_to_content_type_id_93690bbd" ON "wagtailcore_referenceindex" ("to_content_type_id");
CREATE INDEX "wagtailcore_taskstate_content_type_id_0a758fdc" ON "wagtailcore_taskstate" ("content_type_id");
CREATE INDEX "wagtailcore_taskstate_task_id_c3677c34" ON "wagtailcore_taskstate" ("task_id");
CREATE INDEX "wagtailcore_taskstate_workflow_state_id_9239a775" ON "wagtailcore_taskstate" ("workflow_state_id");
CREATE INDEX "wagtailcore_taskstate_finished_by_id_13f98229" ON "wagtailcore_taskstate" ("finished_by_id");
CREATE INDEX "wagtailcore_taskstate_revision_id_df25a499" ON "wagtailcore_taskstate" ("revision_id");
CREATE UNIQUE INDEX "unique_in_progress_workflow" ON "wagtailcore_workflowstate" ("base_content_type_id", "object_id") WHERE "status" IN ('in_progress', 'needs_changes');
CREATE INDEX "wagtailcore_workflowstate_requested_by_id_4090bca3" ON "wagtailcore_workflowstate" ("requested_by_id");
CREATE INDEX "wagtailcore_workflowstate_workflow_id_1f18378f" ON "wagtailcore_workflowstate" ("workflow_id");
CREATE INDEX "wagtailcore_workflowstate_base_content_type_id_a30dc576" ON "wagtailcore_workflowstate" ("base_content_type_id");
CREATE INDEX "wagtailcore_workflowstate_content_type_id_2bb78ce1" ON "wagtailcore_workflowstate" ("content_type_id");
CREATE INDEX "workflowstate_ct_id_idx" ON "wagtailcore_workflowstate" ("content_type_id", "object_id");
CREATE INDEX "workflowstate_base_ct_id_idx" ON "wagtailcore_workflowstate" ("base_content_type_id", "object_id");
CREATE INDEX "wagtailcore_workflowcontenttype_workflow_id_9aad7cd2" ON "wagtailcore_workflowcontenttype" ("workflow_id");
CREATE INDEX "wagtailcore_grouppagepermission_group_id_fc07e671" ON "wagtailcore_grouppagepermission" ("group_id");
CREATE INDEX "wagtailcore_grouppagepermission_page_id_710b114a" ON "wagtailcore_grouppagepermission" ("page_id");
CREATE INDEX "wagtailcore_grouppagepermission_permission_id_05acb22e" ON "wagtailcore_grouppagepermission" ("permission_id");
CREATE INDEX "wagtailcore_modellogentry_action_d2d856ee" ON "wagtailcore_modellogentry" ("action");
CREATE INDEX "wagtailcore_modellogentry_timestamp_9694521b" ON "wagtailcore_modellogentry" ("timestamp");
CREATE INDEX "wagtailcore_modellogentry_content_changed_8bc39742" ON "wagtailcore_modellogentry" ("content_changed");
CREATE INDEX "wagtailcore_modellogentry_object_id_e0e7d4ef" ON "wagtailcore_modellogentry" ("object_id");
CREATE INDEX "wagtailcore_modellogentry_content_type_id_68849e77" ON "wagtailcore_modellogentry" ("content_type_id");
CREATE INDEX "wagtailcore_modellogentry_user_id_0278d1bf" ON "wagtailcore_modellogentry" ("user_id");
CREATE INDEX "wagtailcore_modellogentry_revision_id_df6ca33a" ON "wagtailcore_modellogentry" ("revision_id");
CREATE INDEX "wagtailcore_pagelogentry_action_c2408198" ON "wagtailcore_pagelogentry" ("action");
CREATE INDEX "wagtailcore_pagelogentry_timestamp_deb774c4" ON "wagtailcore_pagelogentry" ("timestamp");
CREATE INDEX "wagtailcore_pagelogentry_content_changed_99f27ade" ON "wagtailcore_pagelogentry" ("content_changed");
CREATE INDEX "wagtailcore_pagelogentry_content_type_id_74e7708a" ON "wagtailcore_pagelogentry" ("content_type_id");
CREATE INDEX "wagtailcore_pagelogentry_page_id_8464e327" ON "wagtailcore_pagelogentry" ("page_id");
CREATE INDEX "wagtailcore_pagelogentry_revision_id_8043d103" ON "wagtailcore_pagelogentry" ("revision_id");
CREATE INDEX "wagtailcore_pagelogentry_user_id_604ccfd8" ON "wagtailcore_pagelogentry" ("user_id");
CREATE INDEX "awards_awardspage_image_id_dec0f7c9" ON "awards_awardspage" ("image_id");
CREATE INDEX "awards_awardspagegalleryimage_image_id_4f22efe5" ON "awards_awardspagegalleryimage" ("image_id");
CREATE INDEX "awards_awardspagegalleryimage_page_id_f2cc9045" ON "awards_awardspagegalleryimage" ("page_id");
CREATE INDEX "clothes_clothespage_image_id_7ceb9ff8" ON "clothes_clothespage" ("image_id");
CREATE INDEX "clothes_clothespagegalleryimage_image_id_cce27c6d" ON "clothes_clothespagegalleryimage" ("image_id");
CREATE INDEX "clothes_clothespagegalleryimage_page_id_4b08406e" ON "clothes_clothespagegalleryimage" ("page_id");
CREATE INDEX "harvesting_harvestingpage_image_id_9bd19c7d" ON "harvesting_harvestingpage" ("image_id");
CREATE INDEX "django_session_expire_date_a5c62663" ON "django_session" ("expire_date");
CREATE INDEX "taggit_taggeditem_content_type_id_object_id_196cc965_idx" ON "taggit_taggeditem" ("content_type_id", "object_id");
CREATE UNIQUE INDEX "taggit_taggeditem_content_type_id_object_id_tag_id_4bb97a8e_uniq" ON "taggit_taggeditem" ("content_type_id", "object_id", "tag_id");
CREATE INDEX "wagtaildocs_document_uploaded_by_user_id_17258b41" ON "wagtaildocs_document" ("uploaded_by_user_id");
CREATE INDEX "wagtaildocs_document_collection_id_23881625" ON "wagtaildocs_document" ("collection_id");
CREATE INDEX "wagtaildocs_uploadeddocument_uploaded_by_user_id_8dd61a73" ON "wagtaildocs_uploadeddocument" ("uploaded_by_user_id");
CREATE INDEX "wagtailembeds_embed_cache_until_26c94bb0" ON "wagtailembeds_embed" ("cache_until");
CREATE INDEX "wagtailforms_formsubmission_page_id_e48e93e7" ON "wagtailforms_formsubmission" ("page_id");
CREATE UNIQUE INDEX "wagtailredirects_redirect_old_path_site_id_783622d7_uniq" ON "wagtailredirects_redirect" ("old_path", "site_id");
CREATE INDEX "wagtailredirects_redirect_old_path_bb35247b" ON "wagtailredirects_redirect" ("old_path");
CREATE INDEX "wagtailredirects_redirect_redirect_page_id_b5728a8f" ON "wagtailredirects_redirect" ("redirect_page_id");
CREATE INDEX "wagtailredirects_redirect_site_id_780a0e1e" ON "wagtailredirects_redirect" ("site_id");
CREATE UNIQUE INDEX "wagtailsearch_querydailyhits_query_id_date_1dd232e6_uniq" ON "wagtailsearch_querydailyhits" ("query_id", "date");
CREATE INDEX "wagtailsearch_querydailyhits_query_id_2185994b" ON "wagtailsearch_querydailyhits" ("query_id");
CREATE UNIQUE INDEX "wagtailsearch_indexentry_content_type_id_object_id_bcd7ba73_uniq" ON "wagtailsearch_indexentry" ("content_type_id", "object_id");
CREATE INDEX "wagtailsearch_indexentry_content_type_id_62ed694f" ON "wagtailsearch_indexentry" ("content_type_id");
CREATE TRIGGER insert_wagtailsearch_indexentry_fts AFTER INSERT ON wagtailsearch_indexentry BEGIN INSERT INTO wagtailsearch_indexentry_fts(title, body, autocomplete, rowid) VALUES (NEW.title, NEW.body, NEW.autocomplete, NEW.id); END;
CREATE TRIGGER update_wagtailsearch_indexentry_fts AFTER UPDATE ON wagtailsearch_indexentry BEGIN UPDATE wagtailsearch_indexentry_fts SET title=NEW.title, body=NEW.body, autocomplete=NEW.autocomplete WHERE rowid=NEW.id; END;
CREATE TRIGGER delete_wagtailsearch_indexentry_fts AFTER DELETE ON wagtailsearch_indexentry BEGIN DELETE FROM wagtailsearch_indexentry_fts WHERE rowid=OLD.id; END;
CREATE INDEX "karamoja_karamojapage_image_id_ef9dc8bf" ON "karamoja_karamojapage" ("image_id");
CREATE INDEX "blog_blogpage_image_id_a60e2e91" ON "blog_blogpage" ("image_id");
CREATE INDEX "karamoja_response_karamojaresponsepage_image_id_412ab062" ON "karamoja_response_karamojaresponsepage" ("image_id");
PRAGMA writable_schema=OFF;
COMMIT;
